Type,SKU,Name,Published,"Is featured?","Visibility in catalog","Short description",Description,"Tax status","In stock?",Stock,"Backorders allowed?","Sold individually?","Weight (kg)","Length (cm)","Width (cm)","Height (cm)","Allow customer reviews?","Purchase note","Sale price","Regular price",Categories,Tags,"Shipping class",Images,"Download limit","Download expiry days",Parent,"Grouped products",Upsells,Cross-sells,"External URL","Button text",Position,"Attribute 1 name","Attribute 1 value(s)","Attribute 1 visible","Attribute 1 global"
simple,MAX801,"HARMONIC COLOR NATURAL1",1,0,visible,"Professional Italian Hair Care: HARMONIC COLOR NATURAL1","HARMONIC COLOR NATURAL1",taxable,1,100,0,0,,,,,1,,,6751.745,"Maxy Look > Technical & Coloring","Maxy Look, Technical & Coloring, Italian Cosmetics",,"https://italiacosmetics.com/wp-content/uploads/2026/04/MAX801-HARMONIC-COLOR-NATURAL1.png",,,,,,,,,0,,,,
simple,MAX803,"HARMONIC COLOR NATURAL3",1,0,visible,"Professional Italian Hair Care: HARMONIC COLOR NATURAL3","HARMONIC COLOR NATURAL3",taxable,1,100,0,0,,,,,1,,,6751.745,"Maxy Look > Technical & Coloring","Maxy Look, Technical & Coloring, Italian Cosmetics",,"https://italiacosmetics.com/wp-content/uploads/2026/04/MAX803-n4-castano-100-ml.png",,,,,,,,,0,,,,
simple,MAX804,"HARMONIC COLOR NATURAL4",1,0,visible,"Professional Italian Hair Care: HARMONIC COLOR NATURAL4","HARMONIC COLOR NATURAL4",taxable,1,100,0,0,,,,,1,,,6751.745,"Maxy Look > Technical & Coloring","Maxy Look, Technical & Coloring, Italian Cosmetics",,"https://italiacosmetics.com/wp-content/uploads/2026/04/MAX804-n5-castano-chiaro-100.png",,,,,,,,,0,,,,
simple,MAX805,"HARMONIC COLOR NATURAL5",1,0,visible,"Professional Italian Hair Care: HARMONIC COLOR NATURAL5","HARMONIC COLOR NATURAL5",taxable,1,100,0,0,,,,,1,,,6751.745,"Maxy Look > Technical & Coloring","Maxy Look, Technical & Coloring, Italian Cosmetics",,"https://italiacosmetics.com/wp-content/uploads/2026/04/MAX805-n6-biondo-scuro-100-ml.png",,,,,,,,,0,,,,
simple,MAX806,"HARMONIC COLOR NATURAL6",1,0,visible,"Professional Italian Hair Care: HARMONIC COLOR NATURAL6","HARMONIC COLOR NATURAL6",taxable,1,100,0,0,,,,,1,,,6751.745,"Maxy Look > Technical & Coloring","Maxy Look, Technical & Coloring, Italian Cosmetics",,"https://italiacosmetics.com/wp-content/uploads/2026/04/MAX806-n7-biondo-100-ml.png",,,,,,,,,0,,,,
simple," MAX807","HARMONIC COLOR NATURAL7",1,0,visible,"Professional Italian Hair Care: HARMONIC COLOR NATURAL7","HARMONIC COLOR NATURAL7",taxable,1,100,0,0,,,,,1,,,6751.745,"Maxy Look > Technical & Coloring","Maxy Look, Technical & Coloring, Italian Cosmetics",,"https://italiacosmetics.com/wp-content/uploads/2026/04/MAX807-n8-biondo-chiaro-100-ml.png",,,,,,,,,0,,,,
simple,MAX808,"HARMONIC COLOR NATURAL8",1,0,visible,"Professional Italian Hair Care: HARMONIC COLOR NATURAL8","HARMONIC COLOR NATURAL8",taxable,1,100,0,0,,,,,1,,,6751.745,"Maxy Look > Technical & Coloring","Maxy Look, Technical & Coloring, Italian Cosmetics",,"https://italiacosmetics.com/wp-content/uploads/2026/04/MAX808-n9-biondo-chiarissimo-100-ml.png",,,,,,,,,0,,,,
simple,MAX809,"HARMONIC COLOR NATURAL9",1,0,visible,"Professional Italian Hair Care: HARMONIC COLOR NATURAL9","HARMONIC COLOR NATURAL9",taxable,1,100,0,0,,,,,1,,,6751.745,"Maxy Look > Technical & Coloring","Maxy Look, Technical & Coloring, Italian Cosmetics",,"https://italiacosmetics.com/wp-content/uploads/2026/04/MAX809-n10-biondo-platino-100-ml.png",,,,,,,,,0,,,,
simple,MAX810,"HARMONIC COLOR INTENSE NATURAL 1",1,0,visible,"Professional Italian Hair Care: HARMONIC COLOR INTENSE NATURAL 1","HARMONIC COLOR INTENSE NATURAL 1",taxable,1,100,0,0,,,,,1,,,6751.745,"Maxy Look > Technical & Coloring","Maxy Look, Technical & Coloring, Italian Cosmetics",,"https://italiacosmetics.com/wp-content/uploads/2026/04/MAX810-n500-castano-chiaro-naturale-intenso-100-ml.png",,,,,,,,,0,,,,
simple,MAX916,"DIRECT COLOR ETHEREAL WHITE 60ML",1,0,visible,"Professional Italian Hair Care: DIRECT COLOR ETHEREAL WHITE 60ML","DIRECT COLOR ETHEREAL WHITE 60ML",taxable,1,100,0,0,,,,,1,,,"7,107.10000","Maxy Look > Technical & Coloring","Maxy Look, Technical & Coloring, Italian Cosmetics",,"https://italiacosmetics.com/wp-content/uploads/2026/04/MAX916-direct-coloring-etherealwhite.jpg.png",,,,,,,,,0,,,,
simple,MAX917,"DIRECT COLOR BLUE 60ML",1,0,visible,"Professional Italian Hair Care: DIRECT COLOR BLUE 60ML","DIRECT COLOR BLUE 60ML",taxable,1,100,0,0,,,,,1,,,"7,107.10000","Maxy Look > Technical & Coloring","Maxy Look, Technical & Coloring, Italian Cosmetics",,"https://italiacosmetics.com/wp-content/uploads/2026/04/MAX917-direct-coloring-blue.jpg.png",,,,,,,,,0,,,,
simple,MAX918,"DIRECT COLOR GREEN 60ML",1,0,visible,"Professional Italian Hair Care: DIRECT COLOR GREEN 60ML","DIRECT COLOR GREEN 60ML",taxable,1,100,0,0,,,,,1,,,"7,107.10000","Maxy Look > Technical & Coloring","Maxy Look, Technical & Coloring, Italian Cosmetics",,"https://italiacosmetics.com/wp-content/uploads/2026/04/MAX918-direct-coloring-green.jpg.png",,,,,,,,,0,,,,
simple,MAX919,"DIRECT COLOR ACID GREEN 60ML",1,0,visible,"Professional Italian Hair Care: DIRECT COLOR ACID GREEN 60ML","DIRECT COLOR ACID GREEN 60ML",taxable,1,100,0,0,,,,,1,,,"7,107.10000","Maxy Look > Technical & Coloring","Maxy Look, Technical & Coloring, Italian Cosmetics",,"https://italiacosmetics.com/wp-content/uploads/2026/04/MAX919-direct-coloring-acidgreen.jpg.png",,,,,,,,,0,,,,
simple,MAX920,"DIRECT COLOR PINK 60ML",1,0,visible,"Professional Italian Hair Care: DIRECT COLOR PINK 60ML","DIRECT COLOR PINK 60ML",taxable,1,100,0,0,,,,,1,,,"7,107.10000","Maxy Look > Technical & Coloring","Maxy Look, Technical & Coloring, Italian Cosmetics",,"https://italiacosmetics.com/wp-content/uploads/2026/04/MAX920-direct-coloring-pink.jpg.png",,,,,,,,,0,,,,
simple,MAX921,"DIRECT COLOR PLUM 60ML",1,0,visible,"Professional Italian Hair Care: DIRECT COLOR PLUM 60ML","DIRECT COLOR PLUM 60ML",taxable,1,100,0,0,,,,,1,,,"7,107.10000","Maxy Look > Technical & Coloring","Maxy Look, Technical & Coloring, Italian Cosmetics",,"https://italiacosmetics.com/wp-content/uploads/2026/04/MAX921-direct-coloring-plum.jpg.png",,,,,,,,,0,,,,
simple,MAX922,"DIRECT COLOR TURQUOISE 60ML",1,0,visible,"Professional Italian Hair Care: DIRECT COLOR TURQUOISE 60ML","DIRECT COLOR TURQUOISE 60ML",taxable,1,100,0,0,,,,,1,,,"7,107.10000","Maxy Look > Technical & Coloring","Maxy Look, Technical & Coloring, Italian Cosmetics",,"https://italiacosmetics.com/wp-content/uploads/2026/04/MAX922-direct-coloring-turquoise.jpg.png",,,,,,,,,0,,,,
simple,MAX923,"DIRECT COLOR ORANGE 60ML",1,0,visible,"Professional Italian Hair Care: DIRECT COLOR ORANGE 60ML","DIRECT COLOR ORANGE 60ML",taxable,1,100,0,0,,,,,1,,,"7,107.10000","Maxy Look > Technical & Coloring","Maxy Look, Technical & Coloring, Italian Cosmetics",,"https://italiacosmetics.com/wp-content/uploads/2026/04/MAX923-direct-coloring-orange.jpg.png",,,,,,,,,0,,,,
simple,MAX924,"DIRECT COLOR YELLOW 60ML",1,0,visible,"Professional Italian Hair Care: DIRECT COLOR YELLOW 60ML","DIRECT COLOR YELLOW 60ML",taxable,1,100,0,0,,,,,1,,,"7,107.10000","Maxy Look > Technical & Coloring","Maxy Look, Technical & Coloring, Italian Cosmetics",,"https://italiacosmetics.com/wp-content/uploads/2026/04/MAX924-direct-coloring-yellow.jpg.png",,,,,,,,,0,,,,
simple,MAX925,"DIRECT COLOR RED 60ML",1,0,visible,"Professional Italian Hair Care: DIRECT COLOR RED 60ML","DIRECT COLOR RED 60ML",taxable,1,100,0,0,,,,,1,,,"7,107.10000","Maxy Look > Technical & Coloring","Maxy Look, Technical & Coloring, Italian Cosmetics",,"https://italiacosmetics.com/wp-content/uploads/2026/04/MAX925-direct-coloring-red.jpg.png",,,,,,,,,0,,,,
simple,MAX926,"DIRECT COLOR PEARL GREY 60ML",1,0,visible,"Professional Italian Hair Care: DIRECT COLOR PEARL GREY 60ML","DIRECT COLOR PEARL GREY 60ML",taxable,1,100,0,0,,,,,1,,,"7,107.10000","Maxy Look > Technical & Coloring","Maxy Look, Technical & Coloring, Italian Cosmetics",,"https://italiacosmetics.com/wp-content/uploads/2026/04/MAX926-direct-coloring-pearlgrey.jpg.png",,,,,,,,,0,,,,
simple,MAX927,"DIRECT COLOR CLEAR 60ML",1,0,visible,"Professional Italian Hair Care: DIRECT COLOR CLEAR 60ML","DIRECT COLOR CLEAR 60ML",taxable,1,100,0,0,,,,,1,,,"7,107.10000","Maxy Look > Technical & Coloring","Maxy Look, Technical & Coloring, Italian Cosmetics",,"https://italiacosmetics.com/wp-content/uploads/2026/04/MAX927-direct-coloring-clear.jpg.png",,,,,,,,,0,,,,
simple,MAX601,"PROTECTING SHAMPOO 1000ML",1,0,visible,"Professional Italian Hair Care: PROTECTING SHAMPOO 1000ML","PROTECTING SHAMPOO 1000ML",taxable,1,100,0,0,,,,,1,,,13688.2746,"Maxy Look > Shampoos","Maxy Look, Shampoos, Italian Cosmetics",,"https://italiacosmetics.com/wp-content/uploads/2026/04/MAX601-protecting-shampoo-1000-ml.png",,,,,,,,,0,,,,
simple,MAX602,"PROTECTING SHAMPOO 300ML",1,0,visible,"Professional Italian Hair Care: PROTECTING SHAMPOO 300ML","PROTECTING SHAMPOO 300ML",taxable,1,100,0,0,,,,,1,,,7036.029,"Maxy Look > Shampoos","Maxy Look, Shampoos, Italian Cosmetics",,"https://italiacosmetics.com/wp-content/uploads/2026/04/MAX602-protecting-shampoo-300-ml.png",,,,,,,,,0,,,,
simple,MAX603,"PROTECTING MASK 1000ML",1,0,visible,"Professional Italian Hair Care: PROTECTING MASK 1000ML","PROTECTING MASK 1000ML",taxable,1,100,0,0,,,,,1,,,13858.845,"Maxy Look > Conditioners & Masks","Maxy Look, Conditioners & Masks, Italian Cosmetics",,"https://italiacosmetics.com/wp-content/uploads/2026/04/MAX603-protecting-mask-1000-ml.png",,,,,,,,,0,,,,
simple,MAX604,"PROTECTING MASK 300ML",1,0,visible,"Professional Italian Hair Care: PROTECTING MASK 300ML","PROTECTING MASK 300ML",taxable,1,100,0,0,,,,,1,,,7931.5236,"Maxy Look > Conditioners & Masks","Maxy Look, Conditioners & Masks, Italian Cosmetics",,"https://italiacosmetics.com/wp-content/uploads/2026/04/MAX604-protecting-mask-300-ml.png",,,,,,,,,0,,,,
simple,MAX605,"PROTECTING DUAL PHASE SPRAY 200ML",1,0,visible,"Professional Italian Hair Care: PROTECTING DUAL PHASE SPRAY 200ML","PROTECTING DUAL PHASE SPRAY 200ML",taxable,1,100,0,0,,,,,1,,,8812.804,"Maxy Look > Styling & Finishing","Maxy Look, Styling & Finishing, Italian Cosmetics",,"https://italiacosmetics.com/wp-content/uploads/2026/04/protecting-dual-phase-spray-300ml.png",,,,,,,,,0,,,,
simple,MAX606,"NOURISHING SHAMPOO 1000ML",1,0,visible,"Professional Italian Hair Care: NOURISHING SHAMPOO 1000ML","NOURISHING SHAMPOO 1000ML",taxable,1,100,0,0,,,,,1,,,13688.2746,"Maxy Look > Shampoos","Maxy Look, Shampoos, Italian Cosmetics",,"https://italiacosmetics.com/wp-content/uploads/2026/04/MAX606-nourishing-shampoo-1000-ml.png",,,,,,,,,0,,,,
simple,MAX607,"NOURISHING SHAMPOO 300ML",1,0,visible,"Professional Italian Hair Care: NOURISHING SHAMPOO 300ML","NOURISHING SHAMPOO 300ML",taxable,1,100,0,0,,,,,1,,,7036.029,"Maxy Look > Shampoos","Maxy Look, Shampoos, Italian Cosmetics",,"https://italiacosmetics.com/wp-content/uploads/2026/04/MAX607-nourishing-shampoo-300-ml.png",,,,,,,,,0,,,,
simple,MAX608,"NOURISHING MASK 1000ML",1,0,visible,"Professional Italian Hair Care: NOURISHING MASK 1000ML","NOURISHING MASK 1000ML",taxable,1,100,0,0,,,,,1,,,13858.845,"Maxy Look > Conditioners & Masks","Maxy Look, Conditioners & Masks, Italian Cosmetics",,"https://italiacosmetics.com/wp-content/uploads/2026/04/MAX608-nourishing-mask-1000-ml.jpg.jpg.png",,,,,,,,,0,,,,
simple,MAX609,"NOURISHING MASK 300ML",1,0,visible,"Professional Italian Hair Care: NOURISHING MASK 300ML","NOURISHING MASK 300ML",taxable,1,100,0,0,,,,,1,,,7931.5236,"Maxy Look > Conditioners & Masks","Maxy Look, Conditioners & Masks, Italian Cosmetics",,"https://italiacosmetics.com/wp-content/uploads/2026/04/MAX609-nourishing-mask-1000-ml.jpg.jpg.png",,,,,,,,,0,,,,
simple,MAX610,"NOURISHING CONDITIONER LEAVE IN 300ML",1,0,visible,"Professional Italian Hair Care: NOURISHING CONDITIONER LEAVE IN 300ML","NOURISHING CONDITIONER LEAVE- IN 300ML",taxable,1,100,0,0,,,,,1,,,"11,556.14460","Maxy Look > Conditioners & Masks","Maxy Look, Conditioners & Masks, Italian Cosmetics",,"https://italiacosmetics.com/wp-content/uploads/2026/04/MAX610-nourishing-conditioner-leave-in.png",,,,,,,,,0,,,,
simple,MAX612,"HYDRATING SHAMPOO 1000ML",1,0,visible,"Professional Italian Hair Care: HYDRATING SHAMPOO 1000ML","HYDRATING SHAMPOO 1000ML",taxable,1,100,0,0,,,,,1,,,13688.2746,"Maxy Look > Shampoos","Maxy Look, Shampoos, Italian Cosmetics",,"https://italiacosmetics.com/wp-content/uploads/2026/04/MAX612-protecting-shampoo-1000-ml.png",,,,,,,,,0,,,,
simple,MAX613,"HYDRATING SHAMPOO 300ML",1,0,visible,"Professional Italian Hair Care: HYDRATING SHAMPOO 300ML","HYDRATING SHAMPOO 300ML",taxable,1,100,0,0,,,,,1,,,7036.029,"Maxy Look > Shampoos","Maxy Look, Shampoos, Italian Cosmetics",,"https://italiacosmetics.com/wp-content/uploads/2026/04/MAX613-hydrating-shampoo-300-ml.png",,,,,,,,,0,,,,
simple,MAX614,"HYDRATING MASK 1000ML",1,0,visible,"Professional Italian Hair Care: HYDRATING MASK 1000ML","HYDRATING MASK 1000ML",taxable,1,100,0,0,,,,,1,,,13858.845,"Maxy Look > Conditioners & Masks","Maxy Look, Conditioners & Masks, Italian Cosmetics",,"https://italiacosmetics.com/wp-content/uploads/2026/04/MAX614-protecting-Mask-1000-ml.png",,,,,,,,,0,,,,
simple,MAX615,"HYDRATING MASK 300ML",1,0,visible,"Professional Italian Hair Care: HYDRATING MASK 300ML","HYDRATING MASK 300ML",taxable,1,100,0,0,,,,,1,,,7931.5236,"Maxy Look > Conditioners & Masks","Maxy Look, Conditioners & Masks, Italian Cosmetics",,"https://italiacosmetics.com/wp-content/uploads/2026/04/MAX613-protecting-Mask-300-ml.png",,,,,,,,,0,,,,
simple,MAX616,"HYDRATING 10 IN 1 200ML",1,0,visible,"Professional Italian Hair Care: HYDRATING 10 IN 1 200ML","HYDRATING 10 IN 1 200ML",taxable,1,100,0,0,,,,,1,,,"11,556.14460","Maxy Look > Other","Maxy Look, Other, Italian Cosmetics",,"https://italiacosmetics.com/wp-content/uploads/2026/04/MAX616-multi-action-10-in-1-leave-in-200-ml.png",,,,,,,,,0,,,,
simple,MAX617,"HYDRATING CRYSTAL 100ML",1,0,visible,"Professional Italian Hair Care: HYDRATING CRYSTAL 100ML","HYDRATING CRYSTAL 100ML",taxable,1,100,0,0,,,,,1,,,"17,696.67900","Maxy Look > Other","Maxy Look, Other, Italian Cosmetics",,"https://italiacosmetics.com/wp-content/uploads/2026/04/MAX617-hydrating-crystal-fluid-hydrating-crystal-100ml.png",,,,,,,,,0,,,,
simple,MAX618,"HYDRATING TREATMENT 12 X 7ML",1,0,visible,"Professional Italian Hair Care: HYDRATING TREATMENT 12 X 7ML","HYDRATING TREATMENT 12 X 7ML",taxable,1,100,0,0,,,,,1,,,"30,134.10400","Maxy Look > Treatments & Serums","Maxy Look, Treatments & Serums, Italian Cosmetics",,"https://italiacosmetics.com/wp-content/uploads/2026/04/MAX618-hydrating-treatment-lotion-7ml-x-12.png",,,,,,,,,0,,,,
simple,MAX625,"HYDRATING TREATMENT 100ML",1,0,visible,"Professional Italian Hair Care: HYDRATING TREATMENT 100ML","HYDRATING TREATMENT 100ML",taxable,1,100,0,0,,,,,1,,,"17,696.67900","Maxy Look > Treatments & Serums","Maxy Look, Treatments & Serums, Italian Cosmetics",,"https://italiacosmetics.com/wp-content/uploads/2026/04/MAX625-hydrating-treatment-lotion-100ml.png",,,,,,,,,0,,,,
simple,MAX619,"REVITALIZING SHAMPOO 1000ML",1,0,visible,"Professional Italian Hair Care: REVITALIZING SHAMPOO 1000ML","REVITALIZING SHAMPOO 1000ML",taxable,1,100,0,0,,,,,1,,,"14,143.12900","Maxy Look > Shampoos","Maxy Look, Shampoos, Italian Cosmetics",,"https://italiacosmetics.com/wp-content/uploads/2026/04/MAX619-revitalizing-shampoo-1000-ml.png",,,,,,,,,0,,,,
simple,MAX620,"REVITALIZING SHAMPOO 300ML",1,0,visible,"Professional Italian Hair Care: REVITALIZING SHAMPOO 300ML","REVITALIZING SHAMPOO 300ML",taxable,1,100,0,0,,,,,1,,,"7,462.45500","Maxy Look > Shampoos","Maxy Look, Shampoos, Italian Cosmetics",,"https://italiacosmetics.com/wp-content/uploads/2026/04/MAX620-revitalizing-shampoo-300-ml.png",,,,,,,,,0,,,,
simple,MAX621,"REVITALIZING MASK 300ML",1,0,visible,"Professional Italian Hair Care: REVITALIZING MASK 300ML","REVITALIZING MASK 300ML",taxable,1,100,0,0,,,,,1,,,8812.804,"Maxy Look > Conditioners & Masks","Maxy Look, Conditioners & Masks, Italian Cosmetics",,"https://italiacosmetics.com/wp-content/uploads/2026/04/MAX621-revitalizing-mask-300-ml.png",,,,,,,,,0,,,,
simple,MAX622,"REVITALIZING MASK 1000ML",1,0,visible,"Professional Italian Hair Care: REVITALIZING MASK 1000ML","REVITALIZING MASK 1000ML",taxable,1,100,0,0,,,,,1,,,"17,412.39500","Maxy Look > Conditioners & Masks","Maxy Look, Conditioners & Masks, Italian Cosmetics",,"https://italiacosmetics.com/wp-content/uploads/2026/04/MAX622-revitalizing-mask-1000-ml.png",,,,,,,,,0,,,,
simple,MAX623,"REVITALIZING TREATMENT 12 X 7ML",1,0,visible,"Professional Italian Hair Care: REVITALIZING TREATMENT 12 X 7ML","REVITALIZING TREATMENT 12 X 7ML",taxable,1,100,0,0,,,,,1,,,"30,134.10400","Maxy Look > Treatments & Serums","Maxy Look, Treatments & Serums, Italian Cosmetics",,"https://italiacosmetics.com/wp-content/uploads/2026/04/MAX623-revitalizing-treatment-lotion-7ml-x-12.png",,,,,,,,,0,,,,
simple,MAX624,"REVITALIZING TREATMENT 100ML",1,0,visible,"Professional Italian Hair Care: REVITALIZING TREATMENT 100ML","REVITALIZING TREATMENT 100ML",taxable,1,100,0,0,,,,,1,,,24803.779,"Maxy Look > Treatments & Serums","Maxy Look, Treatments & Serums, Italian Cosmetics",,"https://italiacosmetics.com/wp-content/uploads/2026/04/MAX624-revitalizing-treatment-lotion-100ml.png",,,,,,,,,0,,,,
simple,MAX630,"VIOLET PIGMENT NO YELLOW SHAMPOO 1000ML",1,0,visible,"Professional Italian Hair Care: VIOLET PIGMENT NO YELLOW SHAMPOO 1000ML","VIOLET PIGMENT NO YELLOW SHAMPOO 1000ML",taxable,1,100,0,0,,,,,1,,,14853.839,"Maxy Look > Shampoos","Maxy Look, Shampoos, Italian Cosmetics",,"https://italiacosmetics.com/wp-content/uploads/2026/04/MAX630-no-yellow-shampoo-1000ml.png",,,,,,,,,0,,,,
simple,MAX631,"VIOLET PIGMENT NO YELLOW SHAMPOO 300ML",1,0,visible,"Professional Italian Hair Care: VIOLET PIGMENT NO YELLOW SHAMPOO 300ML","VIOLET PIGMENT NO YELLOW SHAMPOO 300ML",taxable,1,100,0,0,,,,,1,,,7931.5236,"Maxy Look > Shampoos","Maxy Look, Shampoos, Italian Cosmetics",,"https://italiacosmetics.com/wp-content/uploads/2026/04/MAX631-no-yellow-shampoo-300ml.png",,,,,,,,,0,,,,
simple,MAX633,"VIOLET PIGMENT NO YELLOW MASK 300ML",1,0,visible,"Professional Italian Hair Care: VIOLET PIGMENT NO YELLOW MASK 300ML","VIOLET PIGMENT NO YELLOW MASK 300ML",taxable,1,100,0,0,,,,,1,,,"11,300.28900","Maxy Look > Conditioners & Masks","Maxy Look, Conditioners & Masks, Italian Cosmetics",,"https://italiacosmetics.com/wp-content/uploads/2026/04/MAX633-no-yellow-mask-300ml.png",,,,,,,,,0,,,,
simple,MAX650,"MAXY STYLE EXTREME HAIR SPRAY 300ML",1,0,visible,"Professional Italian Hair Care: MAXY STYLE EXTREME HAIR SPRAY 300ML","MAXY STYLE EXTREME HAIR SPRAY 300ML",taxable,1,100,0,0,,,,,1,,,"13,261.84860","Maxy Look > Styling & Finishing","Maxy Look, Styling & Finishing, Italian Cosmetics",,"https://italiacosmetics.com/wp-content/uploads/2026/04/MAX650-extreme-hair-spray-300-ml.png",,,,,,,,,0,,,,
simple,MAX651,"MAXY STYLE EXTREME HAIR MOUSSE 250ML",1,0,visible,"Professional Italian Hair Care: MAXY STYLE EXTREME HAIR MOUSSE 250ML","MAXY STYLE EXTREME HAIR MOUSSE 250ML",taxable,1,100,0,0,,,,,1,,,"15,038.62360","Maxy Look > Styling & Finishing","Maxy Look, Styling & Finishing, Italian Cosmetics",,"https://italiacosmetics.com/wp-content/uploads/2026/04/MAX651-extreme-mousse-250-ml.png",,,,,,,,,0,,,,
simple,MAX652,"MAXY STYLE EXTREME GLOSSY SPRAY 115ML",1,0,visible,"Professional Italian Hair Care: MAXY STYLE EXTREME GLOSSY SPRAY 115ML","MAXY STYLE EXTREME GLOSSY SPRAY 115ML",taxable,1,100,0,0,,,,,1,,,"17,696.67900","Maxy Look > Styling & Finishing","Maxy Look, Styling & Finishing, Italian Cosmetics",,"https://italiacosmetics.com/wp-content/uploads/2026/04/MAX652-extreme-glossy-spray-115-ml.png",,,,,,,,,0,,,,
simple,MAX653,"MAXY STYLE HEAT PROTECTOR SPRAY 150ML",1,0,visible,"Professional Italian Hair Care: MAXY STYLE HEAT PROTECTOR SPRAY 150ML","MAXY STYLE HEAT PROTECTOR SPRAY 150ML",taxable,1,100,0,0,,,,,1,,,"15,038.62360","Maxy Look > Styling & Finishing","Maxy Look, Styling & Finishing, Italian Cosmetics",,"https://italiacosmetics.com/wp-content/uploads/2026/04/MAX653-heat-protector-spray-150-ml.png",,,,,,,,,0,,,,
simple,MAX654,"MAXY STYLE EXTREME LISS CREAM 100ML",1,0,visible,"Professional Italian Hair Care: MAXY STYLE EXTREME LISS CREAM 100ML","MAXY STYLE EXTREME LISS CREAM 100ML",taxable,1,100,0,0,,,,,1,,,"15,038.62360","Maxy Look > Styling & Finishing","Maxy Look, Styling & Finishing, Italian Cosmetics",,"https://italiacosmetics.com/wp-content/uploads/2026/04/MAX654-extreme-liss-cream-100-ml.png",,,,,,,,,0,,,,
simple,MAX655,"MAXY STYLE CURL CONTROL CREAM 100ML",1,0,visible,"Professional Italian Hair Care: MAXY STYLE CURL CONTROL CREAM 100ML","MAXY STYLE CURL CONTROL CREAM 100ML",taxable,1,100,0,0,,,,,1,,,"15,038.62360","Maxy Look > Styling & Finishing","Maxy Look, Styling & Finishing, Italian Cosmetics",,"https://italiacosmetics.com/wp-content/uploads/2026/04/MAX655-curl-control-cream-100-ml.png",,,,,,,,,0,,,,
simple,MAX825,"HARMONIC COLOR WARM NATURAL 3",1,0,visible,"Professional Italian Hair Care: HARMONIC COLOR WARM NATURAL 3","HARMONIC COLOR WARM NATURAL 3",taxable,1,100,0,0,,,,,1,,,6751.745,"Maxy Look > Technical & Coloring","Maxy Look, Technical & Coloring, Italian Cosmetics",,"https://italiacosmetics.com/wp-content/uploads/2026/04/MAX825-n7003-biondo-naturale-caldo-100-ml.png",,,,,,,,,0,,,,
simple,MAX719,"Deep Restructuring A+B Lotion",1,0,visible,"Professional Italian Hair Care: LOZIONE A+B RESTRUCT. INT UOVO","Deep Restructuring A+B Lotion",taxable,1,100,0,0,,,,,1,,,42258.8166,"Maxy Look > Treatments & Serums","Maxy Look, Treatments & Serums, Italian Cosmetics",,"https://italiacosmetics.com/wp-content/uploads/2026/04/MAX719-ab-intense-restructuring-lotion.png",,,,,,,,,0,,,,
simple,MAX720,"Restructuring and Nourishing Cream to Milk Formula 125ml",1,0,visible,"Professional Italian Hair Care: CREMA RESTRUCT. UOVO 125 ML(LEAVE IN)","Restructuring and Nourishing Cream to Milk Formula 125ml",taxable,1,100,0,0,,,,,1,,,"21,946.72480","Maxy Look > Other","Maxy Look, Other, Italian Cosmetics",,"https://italiacosmetics.com/wp-content/uploads/2026/04/MAX720-Restructuring-and-Nourishing-Cream-to-Milk-Formula-125ml.png",,,,,,,,,0,,,,
simple,MAX721,"Restructuring and Nourishing Shampoo 250 ml
",1,0,visible,"Professional Italian Hair Care: SHAMPOO RESTRUCT. UOVO 250 ML","Restructuring and Nourishing Shampoo 250 ml",taxable,1,100,0,0,,,,,1,,,12082.07,"Maxy Look > Shampoos","Maxy Look, Shampoos, Italian Cosmetics",,"https://italiacosmetics.com/wp-content/uploads/2026/04/MAX721-restructuring-nourishing-shampoo-250-ml.png",,,,,,,,,0,,,,
simple,MAX722,"Restructuring and Nourishing Shampoo 1000 ml",1,0,visible,"Professional Italian Hair Care: SHAMPOO RESTRUCT. UOVO 1000 ML","Restructuring and Nourishing Shampoo 1000 ml",taxable,1,100,0,0,,,,,1,,,"23,666.64300","Maxy Look > Shampoos","Maxy Look, Shampoos, Italian Cosmetics",,"https://italiacosmetics.com/wp-content/uploads/2026/04/MAX721-restructuring-nourishing-shampoo-1000-ml.png",,,,,,,,,0,,,,
simple,MAX723,"Restructuring and Nourishing Mask 350 ml",1,0,visible,"Professional Italian Hair Care: MACSCHERA RISTRUCT. UOVO 350 ML","Restructuring and Nourishing Mask 350 ml",taxable,1,100,0,0,,,,,1,,,24874.85,"Maxy Look > Other","Maxy Look, Other, Italian Cosmetics",,"https://italiacosmetics.com/wp-content/uploads/2026/04/MAX723-restructuring-nourishing-mask-350-ml.png",,,,,,,,,0,,,,
simple,MAX725,"Deep Restructuring Kit",1,0,visible,"Professional Italian Hair Care: KIT MAXI LOOK EGG BOX","Deep Restructuring Kit",taxable,1,100,0,0,,,,,1,,,81035.1542,"Maxy Look > Other","Maxy Look, Other, Italian Cosmetics",,"https://italiacosmetics.com/wp-content/uploads/2026/04/MAX725-proteins-and-minerals-off-egg-kit.png",,,,,,,,,0,,,,
simple,MAX733,"Shampoo Moisture Repair 500 ml",1,0,visible,"Professional Italian Hair Care: ARGANWAY MOISTURE REPAIR SHAMPOO 500 ML","Shampoo Moisture Repair 500 ml",taxable,1,100,0,0,,,,,1,,,20752.732,"Maxy Look > Shampoos","Maxy Look, Shampoos, Italian Cosmetics",,"https://italiacosmetics.com/wp-content/uploads/2026/04/MAX733-shampoo-moisture-repair-500-ml.png",,,,,,,,,0,,,,
simple,MAX734,"intense-hydrating-mask-500-ml",1,0,visible,"Professional Italian Hair Care: ARGANWAY IINT HYDRATOR MASK
500 ML","intense-hydrating-mask-500-ml",taxable,1,100,0,0,,,,,1,,,23140.7176,"Maxy Look > Conditioners & Masks","Maxy Look, Conditioners & Masks, Italian Cosmetics",,"https://italiacosmetics.com/wp-content/uploads/2026/04/MAX734-intense-hydrating-mask-500-ml.png",,,,,,,,,0,,,,
simple,MAX735,"Instant Repair Leave-in Oil 100 ml",1,0,visible,"Professional Italian Hair Care: ARGANWAY INSTANT REPAIR LEAVE","Instant Repair Leave-in Oil 100 ml",taxable,1,100,0,0,,,,,1,,,"30,873.24240","Maxy Look > Other","Maxy Look, Other, Italian Cosmetics",,"https://italiacosmetics.com/wp-content/uploads/2026/04/MAX735-instant-repair-leave-in-oil-100-ml.png",,,,,,,,,0,,,,
simple,MAX736,"Protective Shining Spray 125 ml",1,0,visible,"Professional Italian Hair Care: ARGANWAYPROTECTIVE SHINNING SPRAY 125 ML","Protective Shining Spray 125 ml",taxable,1,100,0,0,,,,,1,,,"32,266.23400","Maxy Look > Styling & Finishing","Maxy Look, Styling & Finishing, Italian Cosmetics",,"https://italiacosmetics.com/wp-content/uploads/2026/04/MAX736-protective-shining-spray-125-ml.png",,,,,,,,,0,,,,
simple,MAX798,"Compact Bleaching Powder Blue 500 gr",1,0,visible,"Professional Italian Hair Care: BLEACHING BLU DECOLORANTE
500 ML.","Compact Bleaching Powder Blue 500 gr",taxable,1,100,0,0,,,,,1,,,"22,103.08100","Maxy Look > Technical & Coloring","Maxy Look, Technical & Coloring, Italian Cosmetics",,"https://italiacosmetics.com/wp-content/uploads/2026/04/MAX798-compact-bleaching-powder-blue-500-gr.png",,,,,,,,,0,,,,
simple,MAX703,"Perfumed Oxidizing Emulsion Cream 40 vol",1,0,visible,"Professional Italian Hair Care: ML OXY IN CREAM 40 VOL","Perfumed Oxidizing Emulsion Cream 40 vol",taxable,1,100,0,0,,,,,1,,,7931.5236,"Maxy Look > Styling & Finishing","Maxy Look, Styling & Finishing, Italian Cosmetics",,"https://italiacosmetics.com/wp-content/uploads/2026/04/MAX703-perfumed-oxidizing-emulsion-cream-40-vol.png",,,,,,,,,0,,,,
simple,MAX700,"Perfumed Oxidizing Emulsion Cream 10 vol",1,0,visible,"Professional Italian Hair Care: ML OXY IN CREAM 10 VOL","Perfumed Oxidizing Emulsion Cream 10 vol",taxable,1,100,0,0,,,,,1,,,7931.5236,"Maxy Look > Styling & Finishing","Maxy Look, Styling & Finishing, Italian Cosmetics",,"https://italiacosmetics.com/wp-content/uploads/2026/04/MAX700-perfumed-oxidizing-emulsion-cream.png",,,,,,,,,0,,,,
simple,MAX701,"Perfumed Oxidizing Emulsion Cream 20 vol",1,0,visible,"Professional Italian Hair Care: ML OXY IN CREAM 20 VOL","Perfumed Oxidizing Emulsion Cream 20 vol",taxable,1,100,0,0,,,,,1,,,7931.5236,"Maxy Look > Styling & Finishing","Maxy Look, Styling & Finishing, Italian Cosmetics",,"https://italiacosmetics.com/wp-content/uploads/2026/04/MAX701-perfumed-oxidizing-emulsion-cream-20-vol.png",,,,,,,,,0,,,,
simple,MAX702,"Perfumed Oxidizing Emulsion Cream 30 volumi",1,0,visible,"Professional Italian Hair Care: ML OXY IN CREAM 30 VOL","Perfumed Oxidizing Emulsion Cream 30 volumi",taxable,1,100,0,0,,,,,1,,,7931.5236,"Maxy Look > Styling & Finishing","Maxy Look, Styling & Finishing, Italian Cosmetics",,"https://italiacosmetics.com/wp-content/uploads/2026/04/MAX702-perfumed-oxidizing-emulsion-cream-30-vol.png",,,,,,,,,0,,,,
simple,UNA0061/02,"UNA ENERGIZING CHAMPU 1000ML",1,0,visible,"Professional Italian Hair Care: UNA ENERGIZING CHAMPU 1000ML","UNA ENERGIZING CHAMPU 1000ML",taxable,1,100,0,0,,,,,1,,,"18,904.88600","UNA > Shampoos","UNA, Shampoos, Italian Cosmetics",,,,,,,,,,,0,,,,
simple,UNA0241/01,"UNA REVITALIZING HAIR
ACONDICIONADOR 1000ML",1,0,visible,"Professional Italian Hair Care: UNA REVITALIZING HAIR
ACONDICIONADOR 1000ML","UNA REVITALIZING HAIR ACONDICIONADOR 1000ML",taxable,1,100,0,0,,,,,1,,,"25,727.70200","UNA > Conditioners & Masks","UNA, Conditioners & Masks, Italian Cosmetics",,,,,,,,,,,0,,,,
simple,UNA0281/01,"UNA INTENSIVE PROTEIN HAIR TRATAMIENTO 250ML",1,0,visible,"Professional Italian Hair Care: UNA INTENSIVE PROTEIN HAIR TRATAMIENTO 250ML","UNA INTENSIVE PROTEIN HAIR TRATAMIENTO 250ML",taxable,1,100,0,0,,,,,1,,,"15,564.54900","UNA > Treatments & Serums","UNA, Treatments & Serums, Italian Cosmetics",,,,,,,,,,,0,,,,
simple,UNA0282/01,"UNA INTENSIVE PROTEIN HAIR TRATAMIENTO 500ML",1,0,visible,"Professional Italian Hair Care: UNA INTENSIVE PROTEIN HAIR TRATAMIENTO 500ML","UNA INTENSIVE PROTEIN HAIR TRATAMIENTO 500ML",taxable,1,100,0,0,,,,,1,,,"22,529.50700","UNA > Treatments & Serums","UNA, Treatments & Serums, Italian Cosmetics",,,,,,,,,,,0,,,,
simple,UNAR487/03,"UNA INTENSIVE PROTEIN HAIR TRATAMIENTO 1000ML",1,0,visible,"Professional Italian Hair Care: UNA INTENSIVE PROTEIN HAIR TRATAMIENTO 1000ML","UNA INTENSIVE PROTEIN HAIR TRATAMIENTO 1000ML",taxable,1,100,0,0,,,,,1,,,"29,394.96560","UNA > Treatments & Serums","UNA, Treatments & Serums, Italian Cosmetics",,,,,,,,,,,0,,,,
simple,UNA0312,"UNA RESTRUCTURIZING HAIR TRATAMIENTO 90ML GOTERO",1,0,visible,"Professional Italian Hair Care: UNA RESTRUCTURIZING HAIR TRATAMIENTO 90ML GOTERO","UNA RESTRUCTURIZING HAIR TRATAMIENTO 90ML GOTERO",taxable,1,100,0,0,,,,,1,,,17170.7536,"UNA > Treatments & Serums","UNA, Treatments & Serums, Italian Cosmetics",,,,,,,,,,,0,,,,
simple,UNA0081/02,"UNA HYDRATING CHAMPU 1000ML",1,0,visible,"Professional Italian Hair Care: UNA HYDRATING CHAMPU 1000ML","UNA HYDRATING CHAMPU 1000ML",taxable,1,100,0,0,,,,,1,,,"18,904.88600","UNA > Shampoos","UNA, Shampoos, Italian Cosmetics",,,,,,,,,,,0,,,,
simple,UNA0271/01,"UNA MOISTURIZING HAIR MASCARILLA 500ML",1,0,visible,"Professional Italian Hair Care: UNA MOISTURIZING HAIR MASCARILLA 500ML","UNA MOISTURIZING HAIR MASCARILLA 500ML",taxable,1,100,0,0,,,,,1,,,"18,904.88600","UNA > Conditioners & Masks","UNA, Conditioners & Masks, Italian Cosmetics",,,,,,,,,,,0,,,,
simple,UNAM487/03,"UNA MOISTURIZING HAIR MASCARILLA 1000ML",1,0,visible,"Professional Italian Hair Care: UNA MOISTURIZING HAIR MASCARILLA 1000ML","UNA MOISTURIZING HAIR MASCARILLA 1000ML",taxable,1,100,0,0,,,,,1,,,"29,394.96560","UNA > Conditioners & Masks","UNA, Conditioners & Masks, Italian Cosmetics",,,,,,,,,,,0,,,,
simple,UNA0251/01,"UNA DETANGLER 250ML",1,0,visible,"Professional Italian Hair Care: UNA DETANGLER 250ML","UNA DETANGLER 250ML",taxable,1,100,0,0,,,,,1,,,"16,744.32760","UNA > Conditioners & Masks","UNA, Conditioners & Masks, Italian Cosmetics",,,,,,,,,,,0,,,,
simple,UNA0191,"UNA DAILY HYDRO-ACTIVE HAIR ACONDICIONADOR 1000ML",1,0,visible,"Professional Italian Hair Care: UNA DAILY HYDRO-ACTIVE HAIR ACONDICIONADOR 1000ML","UNA DAILY HYDRO-ACTIVE HAIR ACONDICIONADOR 1000ML",taxable,1,100,0,0,,,,,1,,,20582.1616,"UNA > Conditioners & Masks","UNA, Conditioners & Masks, Italian Cosmetics",,,,,,,,,,,0,,,,
simple,UNA0111/02,"UNA COMPENSATING CHAMPU 250M",1,0,visible,"Professional Italian Hair Care: UNA COMPENSATING CHAMPU 250M","UNA COMPENSATING CHAMPU 250M",taxable,1,100,0,0,,,,,1,,,14185.7716,"UNA > Shampoos","UNA, Shampoos, Italian Cosmetics",,,,,,,,,,,0,,,,
simple,UNA0121/02,"UNA COMPENSATING CHAMPU             
1000ML",1,0,visible,"Professional Italian Hair Care: UNA COMPENSATING CHAMPU             
1000ML","UNA COMPENSATING CHAMPU 1000ML",taxable,1,100,0,0,,,,,1,,,"25,770.34460","UNA > Shampoos","UNA, Shampoos, Italian Cosmetics",,,,,,,,,,,0,,,,
simple,UNA0331,"UNA OXYGENATING SCALP                        
TRATAMIENTO 12X10ML AMPOLLA",1,0,visible,"Professional Italian Hair Care: UNA OXYGENATING SCALP                        
TRATAMIENTO 12X10ML AMPOLLA","UNA OXYGENATING SCALP TRATAMIENTO 12X10ML AMPOLLA",taxable,1,100,0,0,,,,,1,,,36388.352,"UNA > Treatments & Serums","UNA, Treatments & Serums, Italian Cosmetics",,,,,,,,,,,0,,,,
simple,UNA0332,"UNA OXYGENATING SCALP                        
TRATAMIENTO 90ML GOTERO",1,0,visible,"Professional Italian Hair Care: UNA OXYGENATING SCALP                        
TRATAMIENTO 90ML GOTERO","UNA OXYGENATING SCALP TRATAMIENTO 90ML GOTERO",taxable,1,100,0,0,,,,,1,,,12906.4936,"UNA > Treatments & Serums","UNA, Treatments & Serums, Italian Cosmetics",,,,,,,,,,,0,,,,
simple,UNA0141/02,"UNA PURIFYING CHAMPU1000ML",1,0,visible,"Professional Italian Hair Care: UNA PURIFYING CHAMPU1000ML","UNA PURIFYING CHAMPU1000ML",taxable,1,100,0,0,,,,,1,,,23098.075,"UNA > Shampoos","UNA, Shampoos, Italian Cosmetics",,,,,,,,,,,0,,,,
simple,UNA0041/01,"UNA NEUTRALIZING CHAMPU               
1000ML",1,0,visible,"Professional Italian Hair Care: UNA NEUTRALIZING CHAMPU               
1000ML","UNA NEUTRALIZING CHAMPU   1000ML",taxable,1,100,0,0,,,,,1,,,"19,331.31200","UNA > Shampoos","UNA, Shampoos, Italian Cosmetics",,,,,,,,,,,0,,,,
simple,UNA0211/01,"UNA ACID HAIR ACONDICIONADOR    
1000ML",1,0,visible,"Professional Italian Hair Care: UNA ACID HAIR ACONDICIONADOR    
1000ML","UNA ACID HAIR ACONDICIONADOR   1000ML",taxable,1,100,0,0,,,,,1,,,"25,727.70200","UNA > Conditioners & Masks","UNA, Conditioners & Masks, Italian Cosmetics",,,,,,,,,,,0,,,,
simple,UNA0221,"UNA VITAMIN LEAVE-IN HAIR                  
TRATAMIENTO 250ML",1,0,visible,"Professional Italian Hair Care: UNA VITAMIN LEAVE-IN HAIR                  
TRATAMIENTO 250ML","UNA VITAMIN LEAVE-IN HAIR  TRATAMIENTO 250ML",taxable,1,100,0,0,,,,,1,,,"19,160.74160","UNA > Treatments & Serums","UNA, Treatments & Serums, Italian Cosmetics",,,,,,,,,,,0,,,,
simple,UNA0015,"UNA COCONUT OIL HAIR                          
MASCARILLA 1000ML",1,0,visible,"Professional Italian Hair Care: UNA COCONUT OIL HAIR                          
MASCARILLA 1000ML","UNA COCONUT OIL HAIR  MASCARILLA 1000ML",taxable,1,100,0,0,,,,,1,,,19231.8126,"UNA > Conditioners & Masks","UNA, Conditioners & Masks, Italian Cosmetics",,,,,,,,,,,0,,,,
simple,UNA0016/01,"UNA VITAMINS HAIR MASCARILLA      
1000ML",1,0,visible,"Professional Italian Hair Care: UNA VITAMINS HAIR MASCARILLA      
1000ML","UNA VITAMINS HAIR MASCARILLA 1000ML",taxable,1,100,0,0,,,,,1,,,19231.8126,"UNA > Conditioners & Masks","UNA, Conditioners & Masks, Italian Cosmetics",,,,,,,,,,,0,,,,
simple,UNAM487/402,"UNA RE-BUILD THERAPY                   
MASCARILLA 500ML",1,0,visible,"Professional Italian Hair Care: UNA RE-BUILD THERAPY                   
MASCARILLA 500ML","UNA RE-BUILD THERAPY  MASCARILLA 500ML",taxable,1,100,0,0,,,,,1,,,"19,800.38060","UNA > Conditioners & Masks","UNA, Conditioners & Masks, Italian Cosmetics",,,,,,,,,,,0,,,,
simple,UNAM487/1001,"UNA RE-BUILD THERAPY                  
MASCARILLA 1000ML",1,0,visible,"Professional Italian Hair Care: UNA RE-BUILD THERAPY                  
MASCARILLA 1000ML","UNA RE-BUILD THERAPY MASCARILLA 1000ML",taxable,1,100,0,0,,,,,1,,,26196.7706,"UNA > Conditioners & Masks","UNA, Conditioners & Masks, Italian Cosmetics",,,,,,,,,,,0,,,,
simple,UNA0421,"UNA DESIGNING OIL NON OIL                   
250ML",1,0,visible,"Professional Italian Hair Care: UNA DESIGNING OIL NON OIL                   
250ML","UNA DESIGNING OIL NON OIL 250ML",taxable,1,100,0,0,,,,,1,,,16175.7596,"UNA > Treatments & Serums","UNA, Treatments & Serums, Italian Cosmetics",,,,,,,,,,,0,,,,
simple,UNA0541,"UNA SILKER 150ML",1,0,visible,"Professional Italian Hair Care: UNA SILKER 150ML","UNA SILKER 150ML",taxable,1,100,0,0,,,,,1,,,28996.968,"UNA > Other","UNA, Other, Italian Cosmetics",,,,,,,,,,,0,,,,
simple,UNA0561,"UNA PURE GLOSS                                       
ABRILLANTADOR 150M",1,0,visible,"Professional Italian Hair Care: UNA PURE GLOSS                                       
ABRILLANTADOR 150M","UNA PURE GLOSS ABRILLANTADOR 150M",taxable,1,100,0,0,,,,,1,,,27404.9776,"UNA > Styling & Finishing","UNA, Styling & Finishing, Italian Cosmetics",,,,,,,,,,,0,,,,
simple,UNA0521,"UNA SCULPTING GEL 250ML",1,0,visible,"Professional Italian Hair Care: UNA SCULPTING GEL 250ML","UNA SCULPTING GEL 250ML",taxable,1,100,0,0,,,,,1,,,10916.5056,"UNA > Styling & Finishing","UNA, Styling & Finishing, Italian Cosmetics",,,,,,,,,,,0,,,,
simple,UNA0531/01,"UNA SCULPTING GEL 500ML",1,0,visible,"Professional Italian Hair Care: UNA SCULPTING GEL 500ML","UNA SCULPTING GEL 500ML",taxable,1,100,0,0,,,,,1,,,"19,160.74160","UNA > Styling & Finishing","UNA, Styling & Finishing, Italian Cosmetics",,,,,,,,,,,0,,,,
simple,VS16011,"SOFTENING SHAMPOO 1000 ML",1,0,visible,"Professional Italian Hair Care: SOFTENING SHAMPOO 1000 ML","SOFTENING SHAMPOO 1000 ML",taxable,1,100,0,0,,,,,1,,,24306.282,"Versum > Shampoos","Versum, Shampoos, Italian Cosmetics",,,,,,,,,,,0,,,,
simple,VS16012,"SOFTENING SHAMPOO 250 ML",1,0,visible,"Professional Italian Hair Care: SOFTENING SHAMPOO 250 ML","SOFTENING SHAMPOO 250 ML",taxable,1,100,0,0,,,,,1,,,11584.573,"Versum > Shampoos","Versum, Shampoos, Italian Cosmetics",,,,,,,,,,,0,,,,
simple,VS16013,"REPAIRING MASK 1000 ML",1,0,visible,"Professional Italian Hair Care: REPAIRING MASK 1000 ML","REPAIRING MASK 1000 ML",taxable,1,100,0,0,,,,,1,,,16801.1844,"Versum > Conditioners & Masks","Versum, Conditioners & Masks, Italian Cosmetics",,,,,,,,,,,0,,,,
simple,VS16014,"REPAIRING MASK 250 ML",1,0,visible,"Professional Italian Hair Care: REPAIRING MASK 250 ML","REPAIRING MASK 250 ML",taxable,1,100,0,0,,,,,1,,,12906.4936,"Versum > Conditioners & Masks","Versum, Conditioners & Masks, Italian Cosmetics",,,,,,,,,,,0,,,,
simple,VS16015,"NOURISHING MASK 1000 ML",1,0,visible,"Professional Italian Hair Care: NOURISHING MASK 1000 ML","NOURISHING MASK 1000 ML",taxable,1,100,0,0,,,,,1,,,28001.974,"Versum > Conditioners & Masks","Versum, Conditioners & Masks, Italian Cosmetics",,,,,,,,,,,0,,,,
simple,VS16016,"NOURISHING MASK 250 ML",1,0,visible,"Professional Italian Hair Care: NOURISHING MASK 250 ML","NOURISHING MASK 250 ML",taxable,1,100,0,0,,,,,1,,,12906.4936,"Versum > Conditioners & Masks","Versum, Conditioners & Masks, Italian Cosmetics",,,,,,,,,,,0,,,,
simple,VS16017,"ANTI-FRIZZ MASK 1000 ML",1,0,visible,"Professional Italian Hair Care: ANTI-FRIZZ MASK 1000 ML","ANTI-FRIZZ MASK 1000 ML",taxable,1,100,0,0,,,,,1,,,28001.974,"Versum > Conditioners & Masks","Versum, Conditioners & Masks, Italian Cosmetics",,,,,,,,,,,0,,,,
simple,VS16018,"ANTI-FRIZZ MASK 250 ML",1,0,visible,"Professional Italian Hair Care: ANTI-FRIZZ MASK 250 ML","ANTI-FRIZZ MASK 250 ML",taxable,1,100,0,0,,,,,1,,,12906.4936,"Versum > Conditioners & Masks","Versum, Conditioners & Masks, Italian Cosmetics",,,,,,,,,,,0,,,,
simple,VS16001,"MOISTURIZING SHAMPOO 1000 ML",1,0,visible,"Professional Italian Hair Care: MOISTURIZING SHAMPOO 1000 ML","MOISTURIZING SHAMPOO 1000 ML",taxable,1,100,0,0,,,,,1,,,26225.199,"Versum > Shampoos","Versum, Shampoos, Italian Cosmetics",,,,,,,,,,,0,,,,
simple,VS16002,"MOISTURIZING SHAMPOO 250 ML",1,0,visible,"Professional Italian Hair Care: MOISTURIZING SHAMPOO 250 ML","MOISTURIZING SHAMPOO 250 ML",taxable,1,100,0,0,,,,,1,,,12010.999,"Versum > Shampoos","Versum, Shampoos, Italian Cosmetics",,,,,,,,,,,0,,,,
simple,VS16003,"MOISTURIZING MASK 1000 ML",1,0,visible,"Professional Italian Hair Care: MOISTURIZING MASK 1000 ML","MOISTURIZING MASK 1000 ML",taxable,1,100,0,0,,,,,1,,,28001.974,"Versum > Conditioners & Masks","Versum, Conditioners & Masks, Italian Cosmetics",,,,,,,,,,,0,,,,
simple,VS16004,"MOISTURIZING MASK 250 ML",1,0,visible,"Professional Italian Hair Care: MOISTURIZING MASK 250 ML","MOISTURIZING MASK 250 ML",taxable,1,100,0,0,,,,,1,,,12906.4936,"Versum > Conditioners & Masks","Versum, Conditioners & Masks, Italian Cosmetics",,,,,,,,,,,0,,,,
simple,VS16005,"AGE DEFYING SHAMPOO 1000 ML",1,0,visible,"Professional Italian Hair Care: AGE DEFYING SHAMPOO 1000 ML","AGE DEFYING SHAMPOO 1000 ML",taxable,1,100,0,0,,,,,1,,,26225.199,"Versum > Shampoos","Versum, Shampoos, Italian Cosmetics",,,,,,,,,,,0,,,,
simple,VS16006,"AGE DEFYING SHAMPOO 250 ML",1,0,visible,"Professional Italian Hair Care: AGE DEFYING SHAMPOO 250 ML","AGE DEFYING SHAMPOO 250 ML",taxable,1,100,0,0,,,,,1,,,12010.999,"Versum > Shampoos","Versum, Shampoos, Italian Cosmetics",,,,,,,,,,,0,,,,
simple,VS16007,"AGE DEFYING MASK 1000 ML",1,0,visible,"Professional Italian Hair Care: AGE DEFYING MASK 1000 ML","AGE DEFYING MASK 1000 ML",taxable,1,100,0,0,,,,,1,,,28001.974,"Versum > Conditioners & Masks","Versum, Conditioners & Masks, Italian Cosmetics",,,,,,,,,,,0,,,,
simple,VS16008,"AGE DEFYING MASK 250 ML",1,0,visible,"Professional Italian Hair Care: AGE DEFYING MASK 250 ML","AGE DEFYING MASK 250 ML",taxable,1,100,0,0,,,,,1,,,12906.4936,"Versum > Conditioners & Masks","Versum, Conditioners & Masks, Italian Cosmetics",,,,,,,,,,,0,,,,
simple,VS16009,"AGE DEFYING LAMELLAR ELIXIR 90 
ML",1,0,visible,"Professional Italian Hair Care: AGE DEFYING LAMELLAR ELIXIR 90 
ML","AGE DEFYING LAMELLAR ELIXIR 90 ML",taxable,1,100,0,0,,,,,1,,,"25,343.91860","Versum > Treatments & Serums","Versum, Treatments & Serums, Italian Cosmetics",,,,,,,,,,,0,,,,
simple,VS16010,"AGE DEFYING LAMELLAR ELIXIR 9   
X 7 ML",1,0,visible,"Professional Italian Hair Care: AGE DEFYING LAMELLAR ELIXIR 9   
X 7 ML","AGE DEFYING LAMELLAR ELIXIR 9 X 7 ML",taxable,1,100,0,0,,,,,1,,,36246.21,"Versum > Treatments & Serums","Versum, Treatments & Serums, Italian Cosmetics",,,,,,,,,,,0,,,,
simple,VS16020,"DETANGLING DUAL PHASE LEAVE-
IN",1,0,visible,"Professional Italian Hair Care: DETANGLING DUAL PHASE LEAVE-
IN","DETANGLING DUAL PHASE LEAVE-IN",taxable,1,100,0,0,,,,,1,,,"18,052.03400","Versum > Other","Versum, Other, Italian Cosmetics",,,,,,,,,,,0,,,,
simple,VS16021,"MULTI ACTION 15IN1 150 ML",1,0,visible,"Professional Italian Hair Care: MULTI ACTION 15IN1 150 ML","MULTI ACTION 15IN1 150 ML",taxable,1,100,0,0,,,,,1,,,"18,052.03400","Versum > Other","Versum, Other, Italian Cosmetics",,,,,,,,,,,0,,,,
simple,VS16022,"CONDITIONING LEAVE-IN CREAM     
250 ML",1,0,visible,"Professional Italian Hair Care: CONDITIONING LEAVE-IN CREAM     
250 ML","CONDITIONING LEAVE-IN CREAM 250 ML",taxable,1,100,0,0,,,,,1,,,14398.9846,"Versum > Styling & Finishing","Versum, Styling & Finishing, Italian Cosmetics",,,,,,,,,,,0,,,,
simple,VS16023,"NORMALIZING PEELING 150 ML",1,0,visible,"Professional Italian Hair Care: NORMALIZING PEELING 150 ML","NORMALIZING PEELING 150 ML",taxable,1,100,0,0,,,,,1,,,20084.6646,"Versum > Other","Versum, Other, Italian Cosmetics",,,,,,,,,,,0,,,,
simple,VS16023,"NORMALIZING PEELING 150 ML",1,0,visible,"Professional Italian Hair Care: NORMALIZING PEELING 150 ML","NORMALIZING PEELING 150 ML",taxable,1,100,0,0,,,,,1,,,20084.6646,"Versum > Other","Versum, Other, Italian Cosmetics",,,,,,,,,,,0,,,,
simple,VS16024,"NORMALIZING SHAMPOO 1000 ML",1,0,visible,"Professional Italian Hair Care: NORMALIZING SHAMPOO 1000 ML","NORMALIZING SHAMPOO 1000 ML",taxable,1,100,0,0,,,,,1,,,33758.725,"Versum > Shampoos","Versum, Shampoos, Italian Cosmetics",,,,,,,,,,,0,,,,
simple,VS16025,"NORMALIZING SHAMPOO 250 ML",1,0,visible,"Professional Italian Hair Care: NORMALIZING SHAMPOO 250 ML","NORMALIZING SHAMPOO 250 ML",taxable,1,100,0,0,,,,,1,,,14853.839,"Versum > Shampoos","Versum, Shampoos, Italian Cosmetics",,,,,,,,,,,0,,,,
simple,VS16026,"NORMALIZING TREATMENT 1000     
ML",1,0,visible,"Professional Italian Hair Care: NORMALIZING TREATMENT 1000     
ML","NORMALIZING TREATMENT 1000 ML",taxable,1,100,0,0,,,,,1,,,"31,981.95000","Versum > Treatments & Serums","Versum, Treatments & Serums, Italian Cosmetics",,,,,,,,,,,0,,,,
simple,VS16027,"NORMALIZING TREATMENT 250 ML",1,0,visible,"Professional Italian Hair Care: NORMALIZING TREATMENT 250 ML","NORMALIZING TREATMENT 250 ML",taxable,1,100,0,0,,,,,1,,,14853.839,"Versum > Treatments & Serums","Versum, Treatments & Serums, Italian Cosmetics",,,,,,,,,,,0,,,,
simple,VS16028,"REINFORCING SHAMPOO 1000 ML",1,0,visible,"Professional Italian Hair Care: REINFORCING SHAMPOO 1000 ML","REINFORCING SHAMPOO 1000 ML",taxable,1,100,0,0,,,,,1,,,"30,745.31460","Versum > Shampoos","Versum, Shampoos, Italian Cosmetics",,,,,,,,,,,0,,,,
simple,VS16029,"REINFORCING SHAMPOO 250 ML",1,0,visible,"Professional Italian Hair Care: REINFORCING SHAMPOO 250 ML","REINFORCING SHAMPOO 250 ML",taxable,1,100,0,0,,,,,1,,,"13,787.77400","Versum > Shampoos","Versum, Shampoos, Italian Cosmetics",,,,,,,,,,,0,,,,
simple,Vs16031,"reinforcing lotion 9 x 7 ml",1,0,visible,"Professional Italian Hair Care: reinforcing lotion 9 x 7 ml","reinforcing lotion 9 x 7 ml",taxable,1,100,0,0,,,,,1,,,"36,175.13900","Versum > Treatments & Serums","Versum, Treatments & Serums, Italian Cosmetics",,,,,,,,,,,0,,,,
simple,VS16041,"RECONSTRUCTING SHAMPOO 1000 ML",1,0,visible,"Professional Italian Hair Care: RECONSTRUCTING SHAMPOO 1000 ML","RECONSTRUCTING SHAMPOO 1000 ML",taxable,1,100,0,0,,,,,1,,,40695.2546,"Versum > Shampoos","Versum, Shampoos, Italian Cosmetics",,,,,,,,,,,0,,,,
simple,VS16042,"RECONSTRUCTING SHAMPOO 250   
ML",1,0,visible,"Professional Italian Hair Care: RECONSTRUCTING SHAMPOO 250   
ML","RECONSTRUCTING SHAMPOO 250 ML",taxable,1,100,0,0,,,,,1,,,14398.9846,"Versum > Shampoos","Versum, Shampoos, Italian Cosmetics",,,,,,,,,,,0,,,,
simple,VS16043,"RECONSTRUCTING FILLER 9X20 ML",1,0,visible,"Professional Italian Hair Care: RECONSTRUCTING FILLER 9X20 ML","RECONSTRUCTING FILLER 9X20 ML",taxable,1,100,0,0,,,,,1,,,"63,366.90360","Versum > Other","Versum, Other, Italian Cosmetics",,,,,,,,,,,0,,,,
simple,VS16044,"RECONSTRUCTING TREATMENT       
1000 ML",1,0,visible,"Professional Italian Hair Care: RECONSTRUCTING TREATMENT       
1000 ML","RECONSTRUCTING TREATMENT 1000 ML",taxable,1,100,0,0,,,,,1,,,104119.015,"Versum > Treatments & Serums","Versum, Treatments & Serums, Italian Cosmetics",,,,,,,,,,,0,,,,
simple,VS16045,"RECONSTRUCTING FINALIZER 1000
ML",1,0,visible,"Professional Italian Hair Care: RECONSTRUCTING FINALIZER 1000
ML","RECONSTRUCTING FINALIZER 1000 ML",taxable,1,100,0,0,,,,,1,,,"54,298.24400","Versum > Other","Versum, Other, Italian Cosmetics",,,,,,,,,,,0,,,,
simple,VS16046,"RECONSTRUCTING FINALIZER 250  
ML",1,0,visible,"Professional Italian Hair Care: RECONSTRUCTING FINALIZER 250  
ML","RECONSTRUCTING FINALIZER 250 ML",taxable,1,100,0,0,,,,,1,,,"18,307.88960","Versum > Other","Versum, Other, Italian Cosmetics",,,,,,,,,,,0,,,,
simple,"%s98.00","BOTULINO EFFECT 50 ML + 150 ML",1,0,visible,"Professional Italian Hair Care: BOTULINO EFFECT 50 ML + 150 ML","BOTULINO EFFECT 50 ML + 150 ML",taxable,1,100,0,0,,,,,1,,,"59,813.35360","Versum > Other","Versum, Other, Italian Cosmetics",,,,,,,,,,,0,,,,
simple,VS16032,"PERFORMING SHAMPOO 1000 ML",1,0,visible,"Professional Italian Hair Care: PERFORMING SHAMPOO 1000 ML","PERFORMING SHAMPOO 1000 ML",taxable,1,100,0,0,,,,,1,,,26225.199,"Versum > Shampoos","Versum, Shampoos, Italian Cosmetics",,,,,,,,,,,0,,,,
simple,VS16033,"PERFORMING SHAMPOO 250 ML",1,0,visible,"Professional Italian Hair Care: PERFORMING SHAMPOO 250 ML","PERFORMING SHAMPOO 250 ML",taxable,1,100,0,0,,,,,1,,,12010.999,"Versum > Shampoos","Versum, Shampoos, Italian Cosmetics",,,,,,,,,,,0,,,,
simple,VS16034,"PERFORMING MASK 1000 ML",1,0,visible,"Professional Italian Hair Care: PERFORMING MASK 1000 ML","PERFORMING MASK 1000 ML",taxable,1,100,0,0,,,,,1,,,28001.974,"Versum > Conditioners & Masks","Versum, Conditioners & Masks, Italian Cosmetics",,,,,,,,,,,0,,,,
simple,VS16035,"PERFORMING MASK 250 ML",1,0,visible,"Professional Italian Hair Care: PERFORMING MASK 250 ML","PERFORMING MASK 250 ML",taxable,1,100,0,0,,,,,1,,,12906.4936,"Versum > Conditioners & Masks","Versum, Conditioners & Masks, Italian Cosmetics",,,,,,,,,,,0,,,,
simple,VS16036,"EXTRA SILVER SHAMPOO 250 ML",1,0,visible,"Professional Italian Hair Care: EXTRA SILVER SHAMPOO 250 ML","EXTRA SILVER SHAMPOO 250 ML",taxable,1,100,0,0,,,,,1,,,12010.999,"Versum > Shampoos","Versum, Shampoos, Italian Cosmetics",,,,,,,,,,,0,,,,
simple,VS16037,"EXTRA SILVER SHAMPOO 1000 ML",1,0,visible,"Professional Italian Hair Care: EXTRA SILVER SHAMPOO 1000 ML","EXTRA SILVER SHAMPOO 1000 ML",taxable,1,100,0,0,,,,,1,,,26225.199,"Versum > Shampoos","Versum, Shampoos, Italian Cosmetics",,,,,,,,,,,0,,,,
simple,VS16038,"PREPARING SHAMPOO 1000 ML",1,0,visible,"Professional Italian Hair Care: PREPARING SHAMPOO 1000 ML","PREPARING SHAMPOO 1000 ML",taxable,1,100,0,0,,,,,1,,,26225.199,"Versum > Shampoos","Versum, Shampoos, Italian Cosmetics",,,,,,,,,,,0,,,,
simple,VS16039,"MAINTAINING SHAMPOO 250 ML",1,0,visible,"Professional Italian Hair Care: MAINTAINING SHAMPOO 250 ML","MAINTAINING SHAMPOO 250 ML",taxable,1,100,0,0,,,,,1,,,12010.999,"Versum > Shampoos","Versum, Shampoos, Italian Cosmetics",,,,,,,,,,,0,,,,
simple,VS16040,"MAINTAINING MASK 250 ML",1,0,visible,"Professional Italian Hair Care: MAINTAINING MASK 250 ML","MAINTAINING MASK 250 ML",taxable,1,100,0,0,,,,,1,,,12906.4936,"Versum > Conditioners & Masks","Versum, Conditioners & Masks, Italian Cosmetics",,,,,,,,,,,0,,,,
simple,VS26200,"HAIR SPRAY STRONG 500 ML",1,0,visible,"Professional Italian Hair Care: HAIR SPRAY STRONG 500 ML","HAIR SPRAY STRONG 500 ML",taxable,1,100,0,0,,,,,1,,,13503.49,"Versum > Styling & Finishing","Versum, Styling & Finishing, Italian Cosmetics",,,,,,,,,,,0,,,,
simple,VS26201,"ECO HAIR SPRAY 300 ML",1,0,visible,"Professional Italian Hair Care: ECO HAIR SPRAY 300 ML","ECO HAIR SPRAY 300 ML",taxable,1,100,0,0,,,,,1,,,19018.5996,"Versum > Styling & Finishing","Versum, Styling & Finishing, Italian Cosmetics",,,,,,,,,,,0,,,,
simple,VS26202,"POLISHING SPRAY 150 ML",1,0,visible,"Professional Italian Hair Care: POLISHING SPRAY 150 ML","POLISHING SPRAY 150 ML",taxable,1,100,0,0,,,,,1,,,22742.72,"Versum > Styling & Finishing","Versum, Styling & Finishing, Italian Cosmetics",,,,,,,,,,,0,,,,
simple,VS26203,"THERMAL PROTECTOR 300 ML",1,0,visible,"Professional Italian Hair Care: THERMAL PROTECTOR 300 ML","THERMAL PROTECTOR 300 ML",taxable,1,100,0,0,,,,,1,,,"18,947.52860","Versum > Other","Versum, Other, Italian Cosmetics",,,,,,,,,,,0,,,,
simple,VS26204,"STRONG HOLD MOUSSE 300 ML",1,0,visible,"Professional Italian Hair Care: STRONG HOLD MOUSSE 300 ML","STRONG HOLD MOUSSE 300 ML",taxable,1,100,0,0,,,,,1,,,17170.7536,"Versum > Styling & Finishing","Versum, Styling & Finishing, Italian Cosmetics",,,,,,,,,,,0,,,,
simple,VS26206,"VOLUME BOOSTER 150 ML",1,0,visible,"Professional Italian Hair Care: VOLUME BOOSTER 150 ML","VOLUME BOOSTER 150 ML",taxable,1,100,0,0,,,,,1,,,"11,655.64400","Versum > Technical & Coloring","Versum, Technical & Coloring, Italian Cosmetics",,,,,,,,,,,0,,,,
simple,VS26212,"MEDITERRANEAN OIL 100 ML",1,0,visible,"Professional Italian Hair Care: MEDITERRANEAN OIL 100 ML","MEDITERRANEAN OIL 100 ML",taxable,1,100,0,0,,,,,1,,,27120.6936,"Versum > Treatments & Serums","Versum, Treatments & Serums, Italian Cosmetics",,,,,,,,,,,0,,,,
simple,VS26213,"CRYSTAL DROPS 100 ML",1,0,visible,"Professional Italian Hair Care: CRYSTAL DROPS 100 ML","CRYSTAL DROPS 100 ML",taxable,1,100,0,0,,,,,1,,,24448.424,"Versum > Other","Versum, Other, Italian Cosmetics",,,,,,,,,,,0,,,,
simple,VS45127,"CURLS DEFINER 100 ML",1,0,visible,"Professional Italian Hair Care: CURLS DEFINER 100 ML","CURLS DEFINER 100 ML",taxable,1,100,0,0,,,,,1,,,14398.9846,"Versum > Styling & Finishing","Versum, Styling & Finishing, Italian Cosmetics",,,,,,,,,,,0,,,,
simple,VS26021,"EMULSION CREAM 10 VOLUME 3%
1000 ML",1,0,visible,"Professional Italian Hair Care: EMULSION CREAM 10 VOLUME 3%
1000 ML","EMULSION CREAM 10 VOLUME 3% 1000 ML",taxable,1,100,0,0,,,,,1,,,8997.5886,"Versum > Styling & Finishing","Versum, Styling & Finishing, Italian Cosmetics",,,,,,,,,,,0,,,,
simple,VS26022,"EMULSION CREAM 20 VOLUME 6%
1000 ML",1,0,visible,"Professional Italian Hair Care: EMULSION CREAM 20 VOLUME 6%
1000 ML","EMULSION CREAM 20 VOLUME 6% 1000 ML",taxable,1,100,0,0,,,,,1,,,8997.5886,"Versum > Styling & Finishing","Versum, Styling & Finishing, Italian Cosmetics",,,,,,,,,,,0,,,,
simple,VS26023,"EMULSION CREAM 30 VOLUME 9%
1000 ML",1,0,visible,"Professional Italian Hair Care: EMULSION CREAM 30 VOLUME 9%
1000 ML","EMULSION CREAM 30 VOLUME 9% 1000 ML",taxable,1,100,0,0,,,,,1,,,8997.5886,"Versum > Styling & Finishing","Versum, Styling & Finishing, Italian Cosmetics",,,,,,,,,,,0,,,,
simple,VS26024,"EMULSION CREAM 40 VOLUME
12% 1000 ML",1,0,visible,"Professional Italian Hair Care: EMULSION CREAM 40 VOLUME
12% 1000 ML","EMULSION CREAM 40 VOLUME 12% 1000 ML",taxable,1,100,0,0,,,,,1,,,8997.5886,"Versum > Styling & Finishing","Versum, Styling & Finishing, Italian Cosmetics",,,,,,,,,,,0,,,,
simple,"%s81.00","GRADIENT SILVER MASK 280ML",1,0,visible,"Professional Italian Hair Care: GRADIENT SILVER MASK 280ML","GRADIENT SILVER MASK 280ML",taxable,1,100,0,0,,,,,1,,,"18,592.17360","Versum > Conditioners & Masks","Versum, Conditioners & Masks, Italian Cosmetics",,,,,,,,,,,0,,,,
simple,"%s82.00","GRADIENT CARAMEL MASK 280ML",1,0,visible,"Professional Italian Hair Care: GRADIENT CARAMEL MASK 280ML","GRADIENT CARAMEL MASK 280ML",taxable,1,100,0,0,,,,,1,,,"18,592.17360","Versum > Conditioners & Masks","Versum, Conditioners & Masks, Italian Cosmetics",,,,,,,,,,,0,,,,
simple,"%s83.00","GRADIENT RED MASK 280ML",1,0,visible,"Professional Italian Hair Care: GRADIENT RED MASK 280ML","GRADIENT RED MASK 280ML",taxable,1,100,0,0,,,,,1,,,"18,592.17360","Versum > Conditioners & Masks","Versum, Conditioners & Masks, Italian Cosmetics",,,,,,,,,,,0,,,,
simple,"%s84.00","GRADIENT BEIGE MASK 280ML",1,0,visible,"Professional Italian Hair Care: GRADIENT BEIGE MASK 280ML","GRADIENT BEIGE MASK 280ML",taxable,1,100,0,0,,,,,1,,,"18,592.17360","Versum > Conditioners & Masks","Versum, Conditioners & Masks, Italian Cosmetics",,,,,,,,,,,0,,,,
simple,"%s85.00","GRADIENT CHOCOLATE MASK
280ML",1,0,visible,"Professional Italian Hair Care: GRADIENT CHOCOLATE MASK
280ML","GRADIENT CHOCOLATE MASK 280ML",taxable,1,100,0,0,,,,,1,,,"18,592.17360","Versum > Conditioners & Masks","Versum, Conditioners & Masks, Italian Cosmetics",,,,,,,,,,,0,,,,
simple,"%s86.00","GRADIENT BLACK MASK 280ML",1,0,visible,"Professional Italian Hair Care: GRADIENT BLACK MASK 280ML","GRADIENT BLACK MASK 280ML",taxable,1,100,0,0,,,,,1,,,"18,592.17360","Versum > Conditioners & Masks","Versum, Conditioners & Masks, Italian Cosmetics",,,,,,,,,,,0,,,,
simple,"%s87.00","GRADIENT GOLD MASK 280ML",1,0,visible,"Professional Italian Hair Care: GRADIENT GOLD MASK 280ML","GRADIENT GOLD MASK 280ML",taxable,1,100,0,0,,,,,1,,,"18,592.17360","Versum > Conditioners & Masks","Versum, Conditioners & Masks, Italian Cosmetics",,,,,,,,,,,0,,,,
simple,"%s88.00","GRADIENT COPPER MASK 280ML",1,0,visible,"Professional Italian Hair Care: GRADIENT COPPER MASK 280ML","GRADIENT COPPER MASK 280ML",taxable,1,100,0,0,,,,,1,,,"18,592.17360","Versum > Conditioners & Masks","Versum, Conditioners & Masks, Italian Cosmetics",,,,,,,,,,,0,,,,
simple,"%s89.00","GRADIENT VIOLET MASK 280ML",1,0,visible,"Professional Italian Hair Care: GRADIENT VIOLET MASK 280ML","GRADIENT VIOLET MASK 280ML",taxable,1,100,0,0,,,,,1,,,"18,592.17360","Versum > Conditioners & Masks","Versum, Conditioners & Masks, Italian Cosmetics",,,,,,,,,,,0,,,,
simple,VS16019,"SOFTENING BOOST FIVE SECRETS OIL 4 X 20 ML",1,0,visible,"Professional Italian Hair Care: SOFTENING BOOST FIVE SECRETS OIL 4 X 20 ML","SOFTENING BOOST FIVE SECRETS OIL 4 X 20 ML",taxable,1,100,0,0,,,,,1,,,"32,522.08960","Versum > Treatments & Serums","Versum, Treatments & Serums, Italian Cosmetics",,,,,,,,,,,0,,,,
simple,DECOBMELK,"KIT DECO AZUL PROF MANZANA
500 G",1,0,visible,"Professional Italian Hair Care: KIT DECO AZUL PROF MANZANA
500 G","KIT DECO AZUL PROF MANZANA 500 G",taxable,1,100,0,0,,,,,1,,,55463.8084,"Versum > Other","Versum, Other, Italian Cosmetics",,,,,,,,,,,0,,,,
simple,DECOWMELK,"KIT DECO BLANCA PROF MANZANA 500 G",1,0,visible,"Professional Italian Hair Care: KIT DECO BLANCA PROF MANZANA 500 G","KIT DECO BLANCA PROF MANZANA 500 G",taxable,1,100,0,0,,,,,1,,,55463.8084,"Versum > Other","Versum, Other, Italian Cosmetics",,,,,,,,,,,0,,,,
simple,"DECOB9TONI K","KIT DECO BLU 9 TONI COMPLETA
2X500G",1,0,visible,"Professional Italian Hair Care: KIT DECO BLU 9 TONI COMPLETA
2X500G","KIT DECO BLU 9 TONI COMPLETA 2X500G",taxable,1,100,0,0,,,,,1,,,65342.6774,"Versum > Other","Versum, Other, Italian Cosmetics",,,,,,,,,,,0,,,,
simple,EST45937,"ESTHESIA ABSOLUTE LENIS PROTEIN MAINTENANCE SHAMPOO",1,0,visible,"Professional Italian Hair Care: ESTHESIA ABSOLUTE LENIS PROTEIN MAINTENANCE SHAMPOO","ESTHESIA ABSOLUTE LENIS
PROTEIN MAINTENANCE SHAMPOO",taxable,1,100,0,0,,,,,1,,,"26,296.27000","Versum > Shampoos","Versum, Shampoos, Italian Cosmetics",,,,,,,,,,,0,,,,
simple,EST45935,"ESTHESIA ABSOLUTE LENIS PROTEIN PREPARING SHAMPOO 500ML",1,0,visible,"Professional Italian Hair Care: ESTHESIA ABSOLUTE LENIS PROTEIN PREPARING SHAMPOO 500ML","ESTHESIA ABSOLUTE LENIS
PROTEIN PREPARING SHAMPOO 500ML",taxable,1,100,0,0,,,,,1,,,"35,293.85860","Versum > Shampoos","Versum, Shampoos, Italian Cosmetics",,,,,,,,,,,0,,,,
simple,EST45936,"ESTHESIA ABSOLUTE LENIS PROTEIN SPRAY 500ML",1,0,visible,"Professional Italian Hair Care: ESTHESIA ABSOLUTE LENIS PROTEIN SPRAY 500ML","ESTHESIA ABSOLUTE LENIS PROTEIN SPRAY 500ML",taxable,1,100,0,0,,,,,1,,,"169,930.76100","Versum > Styling & Finishing","Versum, Styling & Finishing, Italian Cosmetics",,,,,,,,,,,0,,,,
simple,EST45938,"ESTHESIA ABSOLUTE LENIS PROREIN MAINTENANCE MASK 250ML",1,0,visible,"Professional Italian Hair Care: ESTHESIA ABSOLUTE LENIS PROREIN MAINTENANCE MASK 250ML","ESTHESIA ABSOLUTE LENIS
PROREIN MAINTENANCE MASK 250ML",taxable,1,100,0,0,,,,,1,,,"26,296.27000","Versum > Conditioners & Masks","Versum, Conditioners & Masks, Italian Cosmetics",,,,,,,,,,,0,,,,
simple,M1-1.0,"VS NEGRO 1.0 100ML.",1,0,visible,"Professional Italian Hair Care: VS NEGRO 1.0 100ML.","VS NEGRO 1.0 100ML.",taxable,1,100,0,0,,,,,1,,,"9,239.23000","Versum > Other","Versum, Other, Italian Cosmetics",,,,,,,,,,,0,,,,
simple,M50-5.0,"VS LIGHT BROWN 5.0 100ML.",1,0,visible,"Professional Italian Hair Care: VS LIGHT BROWN 5.0 100ML.","VS LIGHT BROWN 5.0 100ML.",taxable,1,100,0,0,,,,,1,,,"9,239.23000","Versum > Other","Versum, Other, Italian Cosmetics",,,,,,,,,,,0,,,,
simple,M60-6.0,"VS DARK BLONDE 6.0 100ML.",1,0,visible,"Professional Italian Hair Care: VS DARK BLONDE 6.0 100ML.","VS DARK BLONDE 6.0 100ML.",taxable,1,100,0,0,,,,,1,,,"9,239.23000","Versum > Other","Versum, Other, Italian Cosmetics",,,,,,,,,,,0,,,,
simple,M10-10.0,"VS BLONDE PLATINE 10.0 100ML.",1,0,visible,"Professional Italian Hair Care: VS BLONDE PLATINE 10.0 100ML.","VS BLONDE PLATINE 10.0 100ML.",taxable,1,100,0,0,,,,,1,,,"9,239.23000","Versum > Other","Versum, Other, Italian Cosmetics",,,,,,,,,,,0,,,,
simple,M18-1.8,"VS BLUE BLACK 1.8 100ML.",1,0,visible,"Professional Italian Hair Care: VS BLUE BLACK 1.8 100ML.","VS BLUE BLACK 1.8 100ML.",taxable,1,100,0,0,,,,,1,,,"9,239.23000","Versum > Other","Versum, Other, Italian Cosmetics",,,,,,,,,,,0,,,,
simple,M20-2.0,"VS DARKES BROWN 2.0 100ML.",1,0,visible,"Professional Italian Hair Care: VS DARKES BROWN 2.0 100ML.","VS DARKES BROWN 2.0 100ML.",taxable,1,100,0,0,,,,,1,,,"9,239.23000","Versum > Other","Versum, Other, Italian Cosmetics",,,,,,,,,,,0,,,,
simple,M30-3.0,"VS DARK BROWN 3.0 100ML.",1,0,visible,"Professional Italian Hair Care: VS DARK BROWN 3.0 100ML.","VS DARK BROWN 3.0 100ML.",taxable,1,100,0,0,,,,,1,,,"9,239.23000","Versum > Other","Versum, Other, Italian Cosmetics",,,,,,,,,,,0,,,,
simple,M70-7.0,"VS BLONDE 7.0 100ML.",1,0,visible,"Professional Italian Hair Care: VS BLONDE 7.0 100ML.","VS BLONDE 7.0 100ML.",taxable,1,100,0,0,,,,,1,,,"9,239.23000","Versum > Other","Versum, Other, Italian Cosmetics",,,,,,,,,,,0,,,,
simple,M40-4.0,"VS BROWN 4.0 100ML.",1,0,visible,"Professional Italian Hair Care: VS BROWN 4.0 100ML.","VS BROWN 4.0 100ML.",taxable,1,100,0,0,,,,,1,,,"9,239.23000","Versum > Other","Versum, Other, Italian Cosmetics",,,,,,,,,,,0,,,,
simple,M90-9.0,"VS VERY LIGHT BLONDE 9.0 100ML",1,0,visible,"Professional Italian Hair Care: VS VERY LIGHT BLONDE 9.0 100ML","VS VERY LIGHT BLONDE 9.0 100ML",taxable,1,100,0,0,,,,,1,,,"9,239.23000","Versum > Other","Versum, Other, Italian Cosmetics",,,,,,,,,,,0,,,,
simple,M80-8.0,"VS LIGHT BLONDE 8.0 100ML.",1,0,visible,"Professional Italian Hair Care: VS LIGHT BLONDE 8.0 100ML.","VS LIGHT BLONDE 8.0 100ML.",taxable,1,100,0,0,,,,,1,,,"9,239.23000","Versum > Other","Versum, Other, Italian Cosmetics",,,,,,,,,,,0,,,,
simple,1,"GENUS COLOR NATURAL",1,0,visible,"Professional Italian Hair Care: GENUS COLOR NATURAL","GENUS COLOR NATURAL",taxable,1,100,0,0,,,,,1,,,7036.029,"Genus > Technical & Coloring","Genus, Technical & Coloring, Italian Cosmetics",,,,,,,,,,,0,,,,
simple,3,"ML OXY IN CREAM 20 VOL",1,0,visible,"Professional Italian Hair Care: ML OXY IN CREAM 20 VOL","ML OXY IN CREAM 20 VOL",taxable,1,100,0,0,,,,,1,,,7931.5236,"Genus > Technical & Coloring","Genus, Technical & Coloring, Italian Cosmetics",,,,,,,,,,,0,,,,
simple,4,"ML OXY IN CREAM 30 VOL",1,0,visible,"Professional Italian Hair Care: ML OXY IN CREAM 30 VOL","ML OXY IN CREAM 30 VOL",taxable,1,100,0,0,,,,,1,,,7931.5236,"Genus > Technical & Coloring","Genus, Technical & Coloring, Italian Cosmetics",,,,,,,,,,,0,,,,
simple,5,"ML OXY IN CREAM 40 VOL",1,0,visible,"Professional Italian Hair Care: ML OXY IN CREAM 40 VOL","ML OXY IN CREAM 40 VOL",taxable,1,100,0,0,,,,,1,,,7931.5236,"Genus > Technical & Coloring","Genus, Technical & Coloring, Italian Cosmetics",,,,,,,,,,,0,,,,
simple,6,"GENUS COLOR NATURAL",1,0,visible,"Professional Italian Hair Care: GENUS COLOR NATURAL","GENUS COLOR NATURAL",taxable,1,100,0,0,,,,,1,,,7036.029,"Genus > Technical & Coloring","Genus, Technical & Coloring, Italian Cosmetics",,,,,,,,,,,0,,,,
simple,7,"GENUS COLOR NATURAL",1,0,visible,"Professional Italian Hair Care: GENUS COLOR NATURAL","GENUS COLOR NATURAL",taxable,1,100,0,0,,,,,1,,,7036.029,"Genus > Technical & Coloring","Genus, Technical & Coloring, Italian Cosmetics",,,,,,,,,,,0,,,,
simple,8,"GENUS COLOR NATURA",1,0,visible,"Professional Italian Hair Care: GENUS COLOR NATURA","GENUS COLOR NATURA",taxable,1,100,0,0,,,,,1,,,7036.029,"Genus > Technical & Coloring","Genus, Technical & Coloring, Italian Cosmetics",,,,,,,,,,,0,,,,
simple,9,"GENUS COLOR NATURAL",1,0,visible,"Professional Italian Hair Care: GENUS COLOR NATURAL","GENUS COLOR NATURAL",taxable,1,100,0,0,,,,,1,,,7036.029,"Genus > Technical & Coloring","Genus, Technical & Coloring, Italian Cosmetics",,,,,,,,,,,0,,,,
simple,BLB,"GENUS BLUE BLEACH",1,0,visible,"Professional Italian Hair Care: GENUS BLUE BLEACH","GENUS BLUE BLEACH",taxable,1,100,0,0,,,,,1,,,24874.85,"Genus > Other","Genus, Other, Italian Cosmetics",,,,,,,,,,,0,,,,
simple,BLW,"GENUS WHITE BLEACH",1,0,visible,"Professional Italian Hair Care: GENUS WHITE BLEACH","GENUS WHITE BLEACH",taxable,1,100,0,0,,,,,1,,,24874.85,"Genus > Other","Genus, Other, Italian Cosmetics",,,,,,,,,,,0,,,,
simple,"S 9TONE","9 TONE AZUL 500ML",1,0,visible,"Professional Italian Hair Care: 9 TONE AZUL 500ML","9 TONE AZUL 500ML",taxable,1,100,0,0,,,,,1,,,"29,139.11000","Genus > Other","Genus, Other, Italian Cosmetics",,,,,,,,,,,0,,,,
simple,221,"SILVER SHAMPOO 300ML",1,0,visible,"Professional Italian Hair Care: SILVER SHAMPOO 300ML","SILVER SHAMPOO 300ML",taxable,1,100,0,0,,,,,1,,,8286.8786,"Genus > Shampoos","Genus, Shampoos, Italian Cosmetics",,,,,,,,,,,0,,,,
simple,222,"SILVER SHAMPOO 1000ML",1,0,visible,"Professional Italian Hair Care: SILVER SHAMPOO 1000ML","SILVER SHAMPOO 1000ML",taxable,1,100,0,0,,,,,1,,,"15,465.04960","Genus > Shampoos","Genus, Shampoos, Italian Cosmetics",,,,,,,,,,,0,,,,
simple,605,"HAIR DIRECT COLOR YELLOW",1,0,visible,"Professional Italian Hair Care: HAIR DIRECT COLOR YELLOW","HAIR DIRECT COLOR YELLOW",taxable,1,100,0,0,,,,,1,,,15820.4046,"Genus > Technical & Coloring","Genus, Technical & Coloring, Italian Cosmetics",,,,,,,,,,,0,,,,
simple,606,"HAIR DIRECT COLOR ORANGE",1,0,visible,"Professional Italian Hair Care: HAIR DIRECT COLOR ORANGE","HAIR DIRECT COLOR ORANGE",taxable,1,100,0,0,,,,,1,,,15820.4046,"Genus > Technical & Coloring","Genus, Technical & Coloring, Italian Cosmetics",,,,,,,,,,,0,,,,
simple,607,"HAIR DIRECT COLOR RED",1,0,visible,"Professional Italian Hair Care: HAIR DIRECT COLOR RED","HAIR DIRECT COLOR RED",taxable,1,100,0,0,,,,,1,,,15820.4046,"Genus > Technical & Coloring","Genus, Technical & Coloring, Italian Cosmetics",,,,,,,,,,,0,,,,
simple,608,"HAIR DIRECT COLOR PINK",1,0,visible,"Professional Italian Hair Care: HAIR DIRECT COLOR PINK","HAIR DIRECT COLOR PINK",taxable,1,100,0,0,,,,,1,,,15820.4046,"Genus > Technical & Coloring","Genus, Technical & Coloring, Italian Cosmetics",,,,,,,,,,,0,,,,
simple,609,"HAIR DIRECT COLOR VIOLET",1,0,visible,"Professional Italian Hair Care: HAIR DIRECT COLOR VIOLET","HAIR DIRECT COLOR VIOLET",taxable,1,100,0,0,,,,,1,,,15820.4046,"Genus > Technical & Coloring","Genus, Technical & Coloring, Italian Cosmetics",,,,,,,,,,,0,,,,
simple,610,"HAIR DIRECT COLOR BLUE",1,0,visible,"Professional Italian Hair Care: HAIR DIRECT COLOR BLUE","HAIR DIRECT COLOR BLUE",taxable,1,100,0,0,,,,,1,,,15820.4046,"Genus > Technical & Coloring","Genus, Technical & Coloring, Italian Cosmetics",,,,,,,,,,,0,,,,
simple,611,"HAIR DIRECT COLOR TURQUOISE",1,0,visible,"Professional Italian Hair Care: HAIR DIRECT COLOR TURQUOISE","HAIR DIRECT COLOR TURQUOISE",taxable,1,100,0,0,,,,,1,,,15820.4046,"Genus > Technical & Coloring","Genus, Technical & Coloring, Italian Cosmetics",,,,,,,,,,,0,,,,
simple,612,"HAIR DIRECT COLOR GREEN",1,0,visible,"Professional Italian Hair Care: HAIR DIRECT COLOR GREEN","HAIR DIRECT COLOR GREEN",taxable,1,100,0,0,,,,,1,,,15820.4046,"Genus > Technical & Coloring","Genus, Technical & Coloring, Italian Cosmetics",,,,,,,,,,,0,,,,
simple,613,"HAIR DIRECT COLOR ACID GREEN",1,0,visible,"Professional Italian Hair Care: HAIR DIRECT COLOR ACID GREEN","HAIR DIRECT COLOR ACID GREEN",taxable,1,100,0,0,,,,,1,,,15820.4046,"Genus > Technical & Coloring","Genus, Technical & Coloring, Italian Cosmetics",,,,,,,,,,,0,,,,
simple,614,"HAIR DIRECT COLOR WHITE",1,0,visible,"Professional Italian Hair Care: HAIR DIRECT COLOR WHITE","HAIR DIRECT COLOR WHITE",taxable,1,100,0,0,,,,,1,,,15820.4046,"Genus > Technical & Coloring","Genus, Technical & Coloring, Italian Cosmetics",,,,,,,,,,,0,,,,
simple,615,"HAIR DIRECT COLOR PEARL GREY",1,0,visible,"Professional Italian Hair Care: HAIR DIRECT COLOR PEARL GREY","HAIR DIRECT COLOR PEARL GREY",taxable,1,100,0,0,,,,,1,,,15820.4046,"Genus > Technical & Coloring","Genus, Technical & Coloring, Italian Cosmetics",,,,,,,,,,,0,,,,
simple,616,"HAIR DIRECT COLOR CLEAR",1,0,visible,"Professional Italian Hair Care: HAIR DIRECT COLOR CLEAR","HAIR DIRECT COLOR CLEAR",taxable,1,100,0,0,,,,,1,,,15820.4046,"Genus > Technical & Coloring","Genus, Technical & Coloring, Italian Cosmetics",,,,,,,,,,,0,,,,
simple,370,"1 SILVER COLORING MASK 200ML",1,0,visible,"Professional Italian Hair Care: 1 SILVER COLORING MASK 200ML","1 SILVER COLORING MASK 200ML",taxable,1,100,0,0,,,,,1,,,"13,261.84860","Genus > Conditioners & Masks","Genus, Conditioners & Masks, Italian Cosmetics",,,,,,,,,,,0,,,,
simple,371,"2 VIOLET COLORING MASK 200ML",1,0,visible,"Professional Italian Hair Care: 2 VIOLET COLORING MASK 200ML","2 VIOLET COLORING MASK 200ML",taxable,1,100,0,0,,,,,1,,,"13,261.84860","Genus > Conditioners & Masks","Genus, Conditioners & Masks, Italian Cosmetics",,,,,,,,,,,0,,,,
simple,372,"3 CARAMEL COLORING MASK            
200ML",1,0,visible,"Professional Italian Hair Care: 3 CARAMEL COLORING MASK            
200ML","3 CARAMEL COLORING MASK 200ML",taxable,1,100,0,0,,,,,1,,,"13,261.84860","Genus > Conditioners & Masks","Genus, Conditioners & Masks, Italian Cosmetics",,,,,,,,,,,0,,,,
simple,373,"4 COPPER COLORING MASK 200ML",1,0,visible,"Professional Italian Hair Care: 4 COPPER COLORING MASK 200ML","4 COPPER COLORING MASK 200ML",taxable,1,100,0,0,,,,,1,,,"13,261.84860","Genus > Conditioners & Masks","Genus, Conditioners & Masks, Italian Cosmetics",,,,,,,,,,,0,,,,
simple,374,"5 BEIGE COLORING MASK 200ML",1,0,visible,"Professional Italian Hair Care: 5 BEIGE COLORING MASK 200ML","5 BEIGE COLORING MASK 200ML",taxable,1,100,0,0,,,,,1,,,"13,261.84860","Genus > Conditioners & Masks","Genus, Conditioners & Masks, Italian Cosmetics",,,,,,,,,,,0,,,,
simple,375,"6 RED COLORING MASK 200ML",1,0,visible,"Professional Italian Hair Care: 6 RED COLORING MASK 200ML","6 RED COLORING MASK 200ML",taxable,1,100,0,0,,,,,1,,,"13,261.84860","Genus > Conditioners & Masks","Genus, Conditioners & Masks, Italian Cosmetics",,,,,,,,,,,0,,,,
simple,376,"7 CHOCOLATE COLORING MASK
200ML",1,0,visible,"Professional Italian Hair Care: 7 CHOCOLATE COLORING MASK
200ML","7 CHOCOLATE COLORING MASK
200ML",taxable,1,100,0,0,,,,,1,,,"13,261.84860","Genus > Conditioners & Masks","Genus, Conditioners & Masks, Italian Cosmetics",,,,,,,,,,,0,,,,
simple,214,"COLOR PROTECTION SHAMPOO    
300ML",1,0,visible,"Professional Italian Hair Care: COLOR PROTECTION SHAMPOO    
300ML","COLOR PROTECTION SHAMPOO 300ML",taxable,1,100,0,0,,,,,1,,,7391.384,"Genus > Shampoos","Genus, Shampoos, Italian Cosmetics",,,,,,,,,,,0,,,,
simple,205,"COLOR PROTECTION SHAMPOO    
1000ML",1,0,visible,"Professional Italian Hair Care: COLOR PROTECTION SHAMPOO    
1000ML","COLOR PROTECTION SHAMPOO 1000ML",taxable,1,100,0,0,,,,,1,,,12266.8546,"Genus > Shampoos","Genus, Shampoos, Italian Cosmetics",,,,,,,,,,,0,,,,
simple,239,"COLOR PROTECTION MASK 500ML",1,0,visible,"Professional Italian Hair Care: COLOR PROTECTION MASK 500ML","COLOR PROTECTION MASK 500ML",taxable,1,100,0,0,,,,,1,,,"8,457.44900","Genus > Conditioners & Masks","Genus, Conditioners & Masks, Italian Cosmetics",,,,,,,,,,,0,,,,
simple,215,"COLOR PROTECTION                          
CONDITIONER 300ML",1,0,visible,"Professional Italian Hair Care: COLOR PROTECTION                          
CONDITIONER 300ML","COLOR PROTECTION CONDITIONER 300ML",taxable,1,100,0,0,,,,,1,,,8286.8786,"Genus > Conditioners & Masks","Genus, Conditioners & Masks, Italian Cosmetics",,,,,,,,,,,0,,,,
simple,206,"COLOR PROTECTION                        
CONDITIONER 1000ML",1,0,visible,"Professional Italian Hair Care: COLOR PROTECTION                        
CONDITIONER 1000ML","COLOR PROTECTION CONDITIONER 1000ML",taxable,1,100,0,0,,,,,1,,,12082.07,"Genus > Conditioners & Masks","Genus, Conditioners & Masks, Italian Cosmetics",,,,,,,,,,,0,,,,
simple,250,"COLOR SEALING CREAM 200ML.",1,0,visible,"Professional Italian Hair Care: COLOR SEALING CREAM 200ML.","COLOR SEALING CREAM 200ML",taxable,1,100,0,0,,,,,1,,,"12,721.70900","Genus > Styling & Finishing","Genus, Styling & Finishing, Italian Cosmetics",,,,,,,,,,,0,,,,
simple,216,"MOISTURIZING SHAMPOO 300ML",1,0,visible,"Professional Italian Hair Care: MOISTURIZING SHAMPOO 300ML","MOISTURIZING SHAMPOO 300ML",taxable,1,100,0,0,,,,,1,,,11726.715,"Genus > Shampoos","Genus, Shampoos, Italian Cosmetics",,,,,,,,,,,0,,,,
simple,207,"MOISTURIZING SHAMPOO 1000ML",1,0,visible,"Professional Italian Hair Care: MOISTURIZING SHAMPOO 1000ML","MOISTURIZING SHAMPOO 1000ML",taxable,1,100,0,0,,,,,1,,,"17,412.39500","Genus > Shampoos","Genus, Shampoos, Italian Cosmetics",,,,,,,,,,,0,,,,
simple,240,"MOISTURIZING MASK 500ML",1,0,visible,"Professional Italian Hair Care: MOISTURIZING MASK 500ML","MOISTURIZING MASK 500ML",taxable,1,100,0,0,,,,,1,,,"14,015.20120","Genus > Conditioners & Masks","Genus, Conditioners & Masks, Italian Cosmetics",,,,,,,,,,,0,,,,
simple,294,"MOISTURIZING MASK 1000ML",1,0,visible,"Professional Italian Hair Care: MOISTURIZING MASK 1000ML","MOISTURIZING MASK 1000ML",taxable,1,100,0,0,,,,,1,,,19388.1688,"Genus > Conditioners & Masks","Genus, Conditioners & Masks, Italian Cosmetics",,,,,,,,,,,0,,,,
simple,251,"MULTI-ACTION LEAVE-IN MASK
200ML",1,0,visible,"Professional Italian Hair Care: MULTI-ACTION LEAVE-IN MASK
200ML","MULTI-ACTION LEAVE-IN MASK 200ML",taxable,1,100,0,0,,,,,1,,,16872.2554,"Genus > Conditioners & Masks","Genus, Conditioners & Masks, Italian Cosmetics",,,,,,,,,,,0,,,,
simple,249,"MOISTURIZING SERUM 100ML",1,0,visible,"Professional Italian Hair Care: MOISTURIZING SERUM 100ML","MOISTURIZING SERUM 100ML",taxable,1,100,0,0,,,,,1,,,17170.7536,"Genus > Treatments & Serums","Genus, Treatments & Serums, Italian Cosmetics",,,,,,,,,,,0,,,,
simple,217,"RESTRUCTURING SHAMPOO 300ML",1,0,visible,"Professional Italian Hair Care: RESTRUCTURING SHAMPOO 300ML","RESTRUCTURING SHAMPOO 300ML",taxable,1,100,0,0,,,,,1,,,7391.384,"Genus > Shampoos","Genus, Shampoos, Italian Cosmetics",,,,,,,,,,,0,,,,
simple,208,"RESTRUCTURING SHAMPOO
1000ML",1,0,visible,"Professional Italian Hair Care: RESTRUCTURING SHAMPOO
1000ML","RESTRUCTURING SHAMPOO 1000ML",taxable,1,100,0,0,,,,,1,,,12266.8546,"Genus > Shampoos","Genus, Shampoos, Italian Cosmetics",,,,,,,,,,,0,,,,
simple,241,"RESTRUCTURING MASK 500ML",1,0,visible,"Professional Italian Hair Care: RESTRUCTURING MASK 500ML","RESTRUCTURING MASK 500ML",taxable,1,100,0,0,,,,,1,,,"8,457.44900","Genus > Conditioners & Masks","Genus, Conditioners & Masks, Italian Cosmetics",,,,,,,,,,,0,,,,
simple,295,"RESTRUCTURING MASK 1000ML",1,0,visible,"Professional Italian Hair Care: RESTRUCTURING MASK 1000ML","RESTRUCTURING MASK 1000ML",taxable,1,100,0,0,,,,,1,,,11726.715,"Genus > Conditioners & Masks","Genus, Conditioners & Masks, Italian Cosmetics",,,,,,,,,,,0,,,,
simple,265,"ANTI FRIZZ RESTRUCTURING CREAM 300ML",1,0,visible,"Professional Italian Hair Care: ANTI FRIZZ RESTRUCTURING CREAM 300ML","ANTI FRIZZ RESTRUCTURING CREAM 300ML",taxable,1,100,0,0,,,,,1,,,10845.4346,"Genus > Styling & Finishing","Genus, Styling & Finishing, Italian Cosmetics",,,,,,,,,,,0,,,,
simple,242,"SPLIT ENDS RESTRUCTURING TREATMENT 100ML",1,0,visible,"Professional Italian Hair Care: SPLIT ENDS RESTRUCTURING TREATMENT 100ML","SPLIT ENDS RESTRUCTURING TREATMENT 100ML",taxable,1,100,0,0,,,,,1,,,"16,275.25900","Genus > Treatments & Serums","Genus, Treatments & Serums, Italian Cosmetics",,,,,,,,,,,0,,,,
simple,243,"RESTRUCTURING LEAVE-IN LOTION 125ML",1,0,visible,"Professional Italian Hair Care: RESTRUCTURING LEAVE-IN LOTION 125ML","RESTRUCTURING LEAVE-IN LOTION 125ML",taxable,1,100,0,0,,,,,1,,,14398.9846,"Genus > Treatments & Serums","Genus, Treatments & Serums, Italian Cosmetics",,,,,,,,,,,0,,,,
simple,247,"RESTRUCTURING LEAVE-IN LOTION 12X10ML",1,0,visible,"Professional Italian Hair Care: RESTRUCTURING LEAVE-IN LOTION 12X10ML","RESTRUCTURING LEAVE-IN LOTION 12X10ML",taxable,1,100,0,0,,,,,1,,,19118.099,"Genus > Treatments & Serums","Genus, Treatments & Serums, Italian Cosmetics",,,,,,,,,,,0,,,,
simple,291,"NOURISHING SHAMPOO 300ML",1,0,visible,"Professional Italian Hair Care: NOURISHING SHAMPOO 300ML","NOURISHING SHAMPOO 300ML",taxable,1,100,0,0,,,,,1,,,7391.384,"Genus > Shampoos","Genus, Shampoos, Italian Cosmetics",,,,,,,,,,,0,,,,
simple,209,"NOURISHING SHAMPOO 1000ML",1,0,visible,"Professional Italian Hair Care: NOURISHING SHAMPOO 1000ML","NOURISHING SHAMPOO 1000ML",taxable,1,100,0,0,,,,,1,,,12266.8546,"Genus > Shampoos","Genus, Shampoos, Italian Cosmetics",,,,,,,,,,,0,,,,
simple,292,"NOURISHING MASK 500ML",1,0,visible,"Professional Italian Hair Care: NOURISHING MASK 500ML","NOURISHING MASK 500ML",taxable,1,100,0,0,,,,,1,,,"8,457.44900","Genus > Conditioners & Masks","Genus, Conditioners & Masks, Italian Cosmetics",,,,,,,,,,,0,,,,
simple,237,"NOURISHING MASK 1000ML",1,0,visible,"Professional Italian Hair Care: NOURISHING MASK 1000ML","NOURISHING MASK 1000ML",taxable,1,100,0,0,,,,,1,,,11726.715,"Genus > Conditioners & Masks","Genus, Conditioners & Masks, Italian Cosmetics",,,,,,,,,,,0,,,,
simple,288,"REVITALIZING GARLIC SHAMPOO
300ML",1,0,visible,"Professional Italian Hair Care: REVITALIZING GARLIC SHAMPOO
300ML","REVITALIZING GARLIC SHAMPOO 300ML",taxable,1,100,0,0,,,,,1,,,"6,510.10360","Genus > Shampoos","Genus, Shampoos, Italian Cosmetics",,,,,,,,,,,0,,,,
simple,210,"REVITALIZING GARLIC SHAMPOO
1000ML",1,0,visible,"Professional Italian Hair Care: REVITALIZING GARLIC SHAMPOO
1000ML","REVITALIZING GARLIC SHAMPOO 1000ML",taxable,1,100,0,0,,,,,1,,,11840.4286,"Genus > Shampoos","Genus, Shampoos, Italian Cosmetics",,,,,,,,,,,0,,,,
simple,238,"REVITALIZING GARLIC MASK
1000ML",1,0,visible,"Professional Italian Hair Care: REVITALIZING GARLIC MASK
1000ML","REVITALIZING GARLIC MASK 1000ML",taxable,1,100,0,0,,,,,1,,,11726.715,"Genus > Conditioners & Masks","Genus, Conditioners & Masks, Italian Cosmetics",,,,,,,,,,,0,,,,
simple,218,"ENERGIZING SHAMPOO 300ML",1,0,visible,"Professional Italian Hair Care: ENERGIZING SHAMPOO 300ML","ENERGIZING SHAMPOO 300ML",taxable,1,100,0,0,,,,,1,,,"7,817.81000","Genus > Shampoos","Genus, Shampoos, Italian Cosmetics",,,,,,,,,,,0,,,,
simple,211,"ENERGIZING SHAMPOO 1000ML",1,0,visible,"Professional Italian Hair Care: ENERGIZING SHAMPOO 1000ML","ENERGIZING SHAMPOO 1000ML",taxable,1,100,0,0,,,,,1,,,13688.2746,"Genus > Shampoos","Genus, Shampoos, Italian Cosmetics",,,,,,,,,,,0,,,,
simple,266,"REINFORCING CLAY MASK 1000ML",1,0,visible,"Professional Italian Hair Care: REINFORCING CLAY MASK 1000ML","REINFORC13.95ING CLAY MASK 1000ML",taxable,1,100,0,0,,,,,1,,,19828.809,"Genus > Conditioners & Masks","Genus, Conditioners & Masks, Italian Cosmetics",,,,,,,,,,,0,,,,
simple,245,"ENERGIZING LOTION 125ML",1,0,visible,"Professional Italian Hair Care: ENERGIZING LOTION 125ML","ENERGIZING LOTION 125ML",taxable,1,100,0,0,,,,,1,,,14398.9846,"Genus > Treatments & Serums","Genus, Treatments & Serums, Italian Cosmetics",,,,,,,,,,,0,,,,
simple,248,"ENERGIZING LOTION 12X10ML",1,0,visible,"Professional Italian Hair Care: ENERGIZING LOTION 12X10ML","ENERGIZING LOTION 12X10ML",taxable,1,100,0,0,,,,,1,,,19118.099,"Genus > Treatments & Serums","Genus, Treatments & Serums, Italian Cosmetics",,,,,,,,,,,0,,,,
simple,246,"ENERGIZING CREN LOTION 125ML",1,0,visible,"Professional Italian Hair Care: ENERGIZING CREN LOTION 125ML","ENERGIZING CREN LOTION 125ML",taxable,1,100,0,0,,,,,1,,,14398.9846,"Genus > Treatments & Serums","Genus, Treatments & Serums, Italian Cosmetics",,,,,,,,,,,0,,,,
simple,223,"INTENSE RESTORING SHAMPOO 300M",1,0,visible,"Professional Italian Hair Care: INTENSE RESTORING SHAMPOO 300M","INTENSE RESTORING SHAMPOO 300M",taxable,1,100,0,0,,,,,1,,,8997.5886,"Genus > Shampoos","Genus, Shampoos, Italian Cosmetics",,,,,,,,,,,0,,,,
simple,224,"INTENSE RESTORING SHAMPOO 1000ML",1,0,visible,"Professional Italian Hair Care: INTENSE RESTORING SHAMPOO 1000ML","INTENSE RESTORING SHAMPOO 1000ML",taxable,1,100,0,0,,,,,1,,,17341.324,"Genus > Shampoos","Genus, Shampoos, Italian Cosmetics",,,,,,,,,,,0,,,,
simple,225,"INTENSE RESTORING MASK 500ML",1,0,visible,"Professional Italian Hair Care: INTENSE RESTORING MASK 500ML","INTENSE RESTORING MASK 500ML",taxable,1,100,0,0,,,,,1,,,"13,617.20360","Genus > Conditioners & Masks","Genus, Conditioners & Masks, Italian Cosmetics",,,,,,,,,,,0,,,,
simple,226,"INTENSE RESTORING MASK 1000ML",1,0,visible,"Professional Italian Hair Care: INTENSE RESTORING MASK 1000ML","INTENSE RESTORING MASK 1000ML",taxable,1,100,0,0,,,,,1,,,"21,790.36860","Genus > Conditioners & Masks","Genus, Conditioners & Masks, Italian Cosmetics",,,,,,,,,,,0,,,,
simple,231,"INTENSE RESTORING FLUID OIL 200ML",1,0,visible,"Professional Italian Hair Care: INTENSE RESTORING FLUID OIL 200ML","INTENSE RESTORING FLUID OIL 200ML",taxable,1,100,0,0,,,,,1,,,"21,790.36860","Genus > Treatments & Serums","Genus, Treatments & Serums, Italian Cosmetics",,,,,,,,,,,0,,,,
simple,227,"INTENSE RESTORING LOTION 12X10ML",1,0,visible,"Professional Italian Hair Care: INTENSE RESTORING LOTION 12X10ML","INTENSE RESTORING LOTION 12X10ML",taxable,1,100,0,0,,,,,1,,,"28,897.46860","Genus > Treatments & Serums","Genus, Treatments & Serums, Italian Cosmetics",,,,,,,,,,,0,,,,
simple,219,"BALANCING SHAMPOO 300ML",1,0,visible,"Professional Italian Hair Care: BALANCING SHAMPOO 300ML","BALANCING SHAMPOO 300ML",taxable,1,100,0,0,,,,,1,,,"7,817.81000","Genus > Shampoos","Genus, Shampoos, Italian Cosmetics",,,,,,,,,,,0,,,,
simple,212,"BALANCING SHAMPOO 1000ML",1,0,visible,"Professional Italian Hair Care: BALANCING SHAMPOO 1000ML","BALANCING SHAMPOO 1000ML",taxable,1,100,0,0,,,,,1,,,12266.8546,"Genus > Shampoos","Genus, Shampoos, Italian Cosmetics",,,,,,,,,,,0,,,,
simple,233,"PURIFYING SHAMPOO 300ML",1,0,visible,"Professional Italian Hair Care: PURIFYING SHAMPOO 300ML","PURIFYING SHAMPOO 300ML",taxable,1,100,0,0,,,,,1,,,"7,817.81000","Genus > Shampoos","Genus, Shampoos, Italian Cosmetics",,,,,,,,,,,0,,,,
simple,213,"PURIFYING SHAMPOO 1000ML",1,0,visible,"Professional Italian Hair Care: PURIFYING SHAMPOO 1000ML","PURIFYING SHAMPOO 1000ML",taxable,1,100,0,0,,,,,1,,,"15,465.04960","Genus > Shampoos","Genus, Shampoos, Italian Cosmetics",,,,,,,,,,,0,,,,
simple,365,"LAMINESCENT SUPREME FILMER TREATMENT 200ML",1,0,visible,"Professional Italian Hair Care: LAMINESCENT SUPREME FILMER TREATMENT 200ML","LAMINESCENT SUPREME FILMER TREATMENT 200ML",taxable,1,100,0,0,,,,,1,,,20440.0196,"Genus > Treatments & Serums","Genus, Treatments & Serums, Italian Cosmetics",,,,,,,,,,,0,,,,
simple,366,"LAMINESCENT SUPREME FILMER SPRAY 100ML",1,0,visible,"Professional Italian Hair Care: LAMINESCENT SUPREME FILMER SPRAY 100ML","LAMINESCENT SUPREME FILMER SPRAY 100ML",taxable,1,100,0,0,,,,,1,,,"14,569.55500","Genus > Styling & Finishing","Genus, Styling & Finishing, Italian Cosmetics",,,,,,,,,,,0,,,,
simple,363,"24/7 PERPETUAL REPARING SYSTEM 50ML",1,0,visible,"Professional Italian Hair Care: 24/7 PERPETUAL REPARING SYSTEM 50ML","24/7 PERPETUAL REPARING SYSTEM
50ML",taxable,1,100,0,0,,,,,1,,,"20,255.23500","Genus > Other","Genus, Other, Italian Cosmetics",,,,,,,,,,,0,,,,
simple,273,"EXTRA STRONG HAIR SPRAY 500ML",1,0,visible,"Professional Italian Hair Care: EXTRA STRONG HAIR SPRAY 500ML","EXTRA STRONG HAIR SPRAY 500ML",taxable,1,100,0,0,,,,,1,,,9424.0146,"Genus > Styling & Finishing","Genus, Styling & Finishing, Italian Cosmetics",,,,,,,,,,,0,,,,
simple,274,"GLOSSING SPRAY 115ML",1,0,visible,"Professional Italian Hair Care: GLOSSING SPRAY 115ML","GLOSSING SPRAY 115ML",taxable,1,100,0,0,,,,,1,,,"14,924.91000","Genus > Styling & Finishing","Genus, Styling & Finishing, Italian Cosmetics",,,,,,,,,,,0,,,,
simple,275,"THERMAL PROTECTIVE SPRAY 150ML",1,0,visible,"Professional Italian Hair Care: THERMAL PROTECTIVE SPRAY 150ML","THERMAL PROTECTIVE SPRAY 150ML",taxable,1,100,0,0,,,,,1,,,15280.265,"Genus > Styling & Finishing","Genus, Styling & Finishing, Italian Cosmetics",,,,,,,,,,,0,,,,
simple,330,"EXTREME GEL 300ML",1,0,visible,"Professional Italian Hair Care: EXTREME GEL 300ML","EXTREME GEL 300ML",taxable,1,100,0,0,,,,,1,,,"13,077.06400","Genus > Styling & Finishing","Genus, Styling & Finishing, Italian Cosmetics",,,,,,,,,,,0,,,,
simple,359,"HYBRID SHAKE - 2-PHASE LEAVE-IN SPRAY 250ML",1,0,visible,"Professional Italian Hair Care: HYBRID SHAKE - 2-PHASE LEAVE-IN SPRAY 250ML","HYBRID SHAKE - 2-PHASE LEAVE-IN SPRAY 250ML",taxable,1,100,0,0,,,,,1,,,19828.809,"Genus > Styling & Finishing","Genus, Styling & Finishing, Italian Cosmetics",,,,,,,,,,,0,,,,
simple,360,"SMOOTHING ELIXIR - SMOOTHING CREAM 150ML",1,0,visible,"Professional Italian Hair Care: SMOOTHING ELIXIR - SMOOTHING CREAM 150ML","SMOOTHING ELIXIR - SMOOTHING CREAM 150ML",taxable,1,100,0,0,,,,,1,,,"12,977.56460","Genus > Treatments & Serums","Genus, Treatments & Serums, Italian Cosmetics",,,,,,,,,,,0,,,,
simple,361,"ABSOLUTE CURLS - CURLS DEFINER 100ML",1,0,visible,"Professional Italian Hair Care: ABSOLUTE CURLS - CURLS DEFINER 100ML","ABSOLUTE CURLS - CURLS DEFINER 100ML",taxable,1,100,0,0,,,,,1,,,"16,275.25900","Genus > Styling & Finishing","Genus, Styling & Finishing, Italian Cosmetics",,,,,,,,,,,0,,,,
simple,362,"LEAVE-IN ESSENCE - LEAVE-IN CONDITIONER 200ML",1,0,visible,"Professional Italian Hair Care: LEAVE-IN ESSENCE - LEAVE-IN CONDITIONER 200ML","LEAVE-IN ESSENCE - LEAVE-IN CONDITIONER 200ML",taxable,1,100,0,0,,,,,1,,,11726.715,"Genus > Conditioners & Masks","Genus, Conditioners & Masks, Italian Cosmetics",,,,,,,,,,,0,,,,
simple,391,"NEW CATALOGUE - 2024 - IT/EN/ES",1,0,visible,"Professional Italian Hair Care: NEW CATALOGUE - 2024 - IT/EN/ES","NEW CATALOGUE - 2024 - IT/EN/ES",taxable,1,100,0,0,,,,,1,,,"8,528.52000","Genus > Other","Genus, Other, Italian Cosmetics",,,,,,,,,,,0,,,,
simple,656,"GENUS EXPRESSION GLOSSY WAX
100ML",1,0,visible,"Professional Italian Hair Care: GENUS EXPRESSION GLOSSY WAX
100ML","GENUS EXPRESSION GLOSSY WAX 100ML",taxable,1,100,0,0,,,,,1,,,"21,676.65500","Genus > Styling & Finishing","Genus, Styling & Finishing, Italian Cosmetics",,,,,,,,,,,0,,,,
simple,GS-02,"PEROXIDE 10% VOL 1000ML.",1,0,visible,"Professional Italian Hair Care: PEROXIDE 10% VOL 1000ML.","PEROXIDE 10% VOL 1000ML.",taxable,1,100,0,0,,,,,1,,,8329.5212,"Genus > Technical & Coloring","Genus, Technical & Coloring, Italian Cosmetics",,,,,,,,,,,0,,,,
simple,GS-03,"PEROXIDE 20% VOL. 1000ML.",1,0,visible,"Professional Italian Hair Care: PEROXIDE 20% VOL. 1000ML.","PEROXIDE 20% VOL. 1000ML.",taxable,1,100,0,0,,,,,1,,,8329.5212,"Genus > Technical & Coloring","Genus, Technical & Coloring, Italian Cosmetics",,,,,,,,,,,0,,,,
simple,GS-04,"PEROXIDE 30% VOL 1000ML.",1,0,visible,"Professional Italian Hair Care: PEROXIDE 30% VOL 1000ML.","PEROXIDE 30% VOL 1000ML.",taxable,1,100,0,0,,,,,1,,,8329.5212,"Genus > Technical & Coloring","Genus, Technical & Coloring, Italian Cosmetics",,,,,,,,,,,0,,,,
simple,GS-05,"PEROXIDE 40% VOL 1000ML.",1,0,visible,"Professional Italian Hair Care: PEROXIDE 40% VOL 1000ML.","PEROXIDE 40% VOL 1000ML.",taxable,1,100,0,0,,,,,1,,,8329.5212,"Genus > Technical & Coloring","Genus, Technical & Coloring, Italian Cosmetics",,,,,,,,,,,0,,,,
